{
    "type": "origins:multiple",
    "on_spawn": {
        "type": "origins:action_on_callback",
        "entity_action_gained": {
            "type": "origins:and",
            "actions": [
                {
                    "type": "origins:execute_command",
                    "command": "scale delay set pehkui:base 0 @s"
                },
                {
                    "type": "origins:execute_command",
                    "command": "scale set pehkui:base 0.5 @s"
                },
                {
                    "type": "origins:execute_command",
                    "command": "scale set pehkui:motion 8 @s"
                }
            ]
        }
    },
    "particles": {
        "type": "origins:action_over_time",
        "interval": 1,
        "entity_action": {
            "type": "origins:execute_command",
            "command": "function afterlife:ghast/fireball_particles"
        }
    },
    "air_speed_horizontal": {
        "type": "origins:modify_velocity",
        "axes": [
            "x",
            "z"
        ],
        "modifier": {
            "operation": "multiply_total",
            "value": 1.25
        }
    },
    "trigger": {
        "type": "origins:action_over_time",
        "interval": 1,
        "rising_action": {
            "type": "origins:and",
            "actions": [
                {
                    "type": "origins:area_of_effect",
                    "radius": 5,
                    "bientity_action": {
                        "type": "origins:and",
                        "actions": [
                            {
                                "type": "origins:add_velocity",
                                "y": 0.5,
                                "z": 0.5
                            },
                            {
                                "type": "origins:if_else",
                                "condition": {
                                    "type": "origins:target_condition",
                                    "condition": {
                                        "type": "origins:and",
                                        "conditions": [
                                            {
                                                "type": "origins:entity_type",
                                                "entity_type": "minecraft:player"
                                            },
                                            {
                                                "type": "origins:origin",
                                                "origin": "afterlife:ghast",
                                                "layer": "origins:origin"
                                            }
                                        ],
                                        "inverted": true
                                    }
                                },
                                "if_action": {
                                    "type": "origins:and",
                                    "actions": [
                                        {
                                            "type": "origins:damage",
                                            "amount": 7,
                                            "source": {
                                                "name": "fireball",
                                                "fire": true
                                            }
                                        },
                                        {
                                            "type": "origins:target_action",
                                            "action": {
                                                "type": "origins:set_on_fire",
                                                "duration": 4
                                            }
                                        }
                                    ]
                                }
                            }
                        ]
                    },
                    "bientity_condition": {
                        "type": "origins:target_condition",
                        "condition": {
                            "type": "origins:living"
                        }
                    }
                },
                {
                    "type": "origins:play_sound",
                    "sound": "minecraft:entity.generic.explode",
                    "pitch": 0.8,
                    "volume": 5
                },
                {
                    "type": "origins:play_sound",
                    "sound": "minecraft:entity.zombie.break_wooden_door",
                    "pitch": 0.7,
                    "volume": 5
                },
                {
                    "type": "origins:play_sound",
                    "sound": "minecraft:entity.warden.sonic_boom",
                    "pitch": 1.6,
                    "volume": 5
                },
                {
                    "type": "origins:execute_command",
                    "command": "function afterlife:ghast/fireball_explosion"
                },
                {
                    "type": "origins:delay",
                    "ticks": 3,
                    "action": {
                        "type": "origins:execute_command",
                        "command": "particle flash ~ ~ ~ 0 0 0 1 1 force"
                    }
                },
                {
                    "type": "origins:execute_command",
                    "command": "kill @s"
                }
            ]
        },
        "condition": {
            "type": "origins:or",
            "conditions": [
                {
                    "type": "origins:block_in_radius",
                    "block_condition": {
                        "type": "origins:movement_blocking"
                    },
                    "radius": 1
                },
                {
                    "type": "origins:block_collision",
                    "offset_x": 0.01,
                    "offset_y": 0.01,
                    "offset_z": 0.01
                },
                {
                    "type": "origins:block_collision",
                    "offset_x": -0.01,
                    "offset_y": -0.01,
                    "offset_z": -0.01
                },
                {
                    "type": "origins:on_block"
                },
                {
                    "type": "apugli:entity_in_radius",
                    "radius": 2.5,
                    "condition": {
                        "type": "origins:and",
                        "conditions": [
                            {
                                "type": "origins:living"
                            },
                            {
                                "type": "origins:origin",
                                "origin": "afterlife:ghast",
                                "inverted": true
                            }
                        ]
                    }
                }
            ]
        }
    }
}