{
    "type": "origins:active_self",
    "entity_action": {
        "type": "origins:and",
        "actions": [
            {
                "type": "origins:play_sound",
                "sound": "minecraft:entity.ghast.shoot",
                "pitch": 1.25,
                "volume": 1
            },
            {
                "type": "apugli:fire_projectile",
                "entity_type": "minecraft:armor_stand",
                "tag": "{Invisible:1b,Small:1b}",
                "count": 1,
                "speed": 2,
                "divergence": 1
            },
            {
                "type": "origins:execute_command",
                "command": "power grant @e[type=armor_stand,sort=nearest,limit=1,nbt={Invisible:1b,Small:1b}] afterlife:ghast/fireball_entity"
            }
        ]
    },
    "cooldown": 200,
    "hud_render": {
        "sprite_location": "origins:textures/gui/community/huang/resource_bar_01.png",
        "bar_index": 7,
        "should_render": true
    },
    "key": {
        "key": "key.origins.secondary_active"
    },
    "name": "Pyroblast",
    "description": "You can unleash terrifying fireballs.",
    "badges": [
        {
            "type": "origins:tooltip",
            "sprite": "origins:textures/gui/badge/active.png",
            "text": ["Active ability, use with [", {"keybind": "key.origins.secondary_active"}, "]."]
        },
        {
            "type": "origins:tooltip",
            "sprite": "origins:textures/gui/badge/info.png",
            "text": "Fireballs are affected by gravity, and deal no damage to terrain. 15 second cooldown."
        }
    ]
}