{
    "type": "origins:multiple",
    "fall": {
        "type": "origins:invulnerability",
        "damage_condition": {
            "type": "origins:from_falling"
        }
    },
    "glide": {
        "type": "origins:resource",
        "min": 0,
        "max": 1,
        "hud_render": {
            "should_render": false
        }
    },
    "launch_effects": {
        "type": "origins:active_self",
        "cooldown": 120,
        "hud_render": {
            "sprite_location": "origins:textures/gui/community/huang/resource_bar_01.png",
            "bar_index": 5,
            "should_render": true
        },
        "entity_action": {
            "type": "origins:and",
            "actions": [
                {
                    "type": "origins:play_sound",
                    "sound": "minecraft:entity.blaze.shoot",
                    "volume": 0.6,
                    "pitch": 2
                },
                {
                    "type": "origins:play_sound",
                    "sound": "minecraft:entity.phantom.hurt",
                    "volume": 0.6,
                    "pitch": 0.8
                },
                {
                    "type": "origins:execute_command",
                    "command": "particle minecraft:poof ~ ~ ~ 0.6 0.02 0.6 0.1 10"
                },
                {
                    "type": "origins:add_velocity",
                    "set": true,
                    "space": "world",
                    "y": 0.05
                },
                {
                    "type": "origins:delay",
                    "ticks": 1,
                    "action": {
                        "type": "origins:add_velocity",
                        "set": true,
                        "space": "world",
                        "y": 2
                    }
                },
                {
                    "type": "origins:delay",
                    "ticks": 1,
                    "action": {
                        "type": "origins:change_resource",
                        "resource": "*:*_glide",
                        "operation": "set",
                        "change": 1
                    }
                }
            ]
        },
        "key": {
            "key": "key.origins.primary_active",
            "continuous": true
        }
    },
    "glide_fall_normal": {
        "type": "origins:modify_falling",
        "velocity": 0.005,
        "take_fall_damage": false,
        "condition": {
            "type": "origins:and",
            "conditions": [
                {
                    "type": "origins:resource",
                    "resource": "*:*_glide",
                    "comparison": "==",
                    "compare_to": 1
                },
                {
                    "type": "origins:sneaking",
                    "inverted": true
                },
                {
                    "type": "origins:dimension",
                    "dimension": "minecraft:the_nether",
                    "inverted": true
                }
            ]
        }
    },
    "glide_fall_nether": {
        "type": "origins:modify_falling",
        "velocity": 0.003,
        "take_fall_damage": false,
        "condition": {
            "type": "origins:and",
            "conditions": [
                {
                    "type": "origins:resource",
                    "resource": "*:*_glide",
                    "comparison": "==",
                    "compare_to": 1
                },
                {
                    "type": "origins:sneaking",
                    "inverted": true
                },
                {
                    "type": "origins:dimension",
                    "dimension": "minecraft:the_nether"
                }
            ]
        }
    },
    "glide_speed_normal": {
        "type": "origins:modify_velocity",
        "axes": [
            "x",
            "z"
        ],
        "modifier": {
            "operation": "multiply_total",
            "value": 0.7
        },
        "condition": {
            "type": "origins:and",
            "conditions": [
                {
                    "type": "origins:resource",
                    "resource": "*:*_glide",
                    "comparison": "==",
                    "compare_to": 1
                },
                {
                    "type": "origins:dimension",
                    "dimension": "minecraft:the_nether",
                    "inverted": true
                }
            ]
        }
    },
    "glide_speed_nether": {
        "type": "origins:modify_velocity",
        "axes": [
            "x",
            "z"
        ],
        "modifier": {
            "operation": "multiply_total",
            "value": 0.9
        },
        "condition": {
            "type": "origins:and",
            "conditions": [
                {
                    "type": "origins:resource",
                    "resource": "*:*_glide",
                    "comparison": "==",
                    "compare_to": 1
                },
                {
                    "type": "origins:dimension",
                    "dimension": "minecraft:the_nether"
                }
            ]
        }
    },
    "glide_immune": {
        "type": "origins:invulnerability",
        "damage_condition": {
            "type": "origins:from_falling"
        },
        "condition": {
            "type": "origins:resource",
            "resource": "*:*_glide",
            "comparison": "==",
            "compare_to": 1
        }
    },
    "glide_reset": {
        "type": "origins:action_over_time",
        "interval": 1,
        "rising_action": {
            "type": "origins:change_resource",
            "resource": "*:*_glide",
            "operation": "set",
            "change": 0
        },
        "condition": {
            "type": "origins:and",
            "conditions": [
                {
                    "type": "origins:resource",
                    "resource": "*:*_glide",
                    "comparison": "==",
                    "compare_to": 1
                },
                {
                    "type": "origins:on_block"
                }
            ]
        }
    },
    "name": "Spectral Flight",
    "description": "You are able to launch up into the air, and will slowly glide until you reach the ground.",
    "badges": [
        {
            "type": "origins:tooltip",
            "sprite": "origins:textures/gui/badge/active.png",
            "text": ["Active ability, use with [", {"keybind": "key.origins.primary_active"}, "]."]
        },
        {
            "type": "origins:tooltip",
            "sprite": "origins:textures/gui/badge/info.png",
            "text": ["Hold [", {"keybind": "key.sneak"}, "] to fall faster. 6 second cooldown."]
        },
        {
            "type": "origins:tooltip",
            "sprite": "origins:textures/gui/badge/info.png",
            "text": "Your glide is improved in the Nether."
        }
    ]
}