{
  "type": "origins:multiple",
  "name": "Hover",
  "description": "As a balloon, you are light enough to hover across the world.",
  "hover": {
    "type": "apugli:hover",
    "condition": {
      "type": "origins:and",
      "conditions": [
        {
          "type": "origins:resource",
          "compare_to": 0,
          "comparison": "!=",
          "resource": "*:*_resource"
        },
        {
          "type": "apugli:key_pressed",
          "key": {
              "key": "key.jump",
              "continuous": true
          }
        },
        {
          "type": "apugli:velocity",
          "y": 0.0,
          "comparison": ">="
        },
        {
          "type": "origins:fluid_height",
          "fluid": "minecraft:water",
          "comparison": ">",
          "compare_to": 0,
          "inverted": true
        },
        {
          "type": "origins:power_active",
          "power": "*:*_toggle"
        }
      ]
    }
  },
  "resource": {
    "type": "origins:resource",
    "max": 300,
    "min": 0,
    "start_value": 300,
    "hud_render": {
      "bar_index": 23,
      "sprite_location": "origins:textures/gui/community/spiderkolo/resource_bar_03.png",
      "should_render": true,
      "condition": {
        "type": "origins:power_active",
        "power": "*:*_toggle"
      }
    }
  },
  "resource_deplete": {
    "type": "origins:action_over_time",
    "interval": 1,
    "entity_action": {
      "type": "origins:change_resource",
      "change": -1,
      "resource": "*:*_resource"
    },
    "condition": {
      "type": "origins:power_active",
      "power": "*:*_hover"
    }
  },
  "resource_refill": {
    "type": "origins:action_over_time",
    "interval": 1,
    "entity_action": {
      "type": "origins:change_resource",
      "change": 1,
      "resource": "*:*_resource"
    },
    "condition": {
      "type": "origins:power_active",
      "power": "*:*_hover",
      "inverted": true
    }
  },
  "toggle": {
    "type": "origins:toggle",
    "active_by_default": false
  },
  "badges": [
    {
      "type": "origins:tooltip",
      "sprite": "origins:textures/gui/badge/info.png",
      "text": "You can fly for 15 seconds. The bar will refill when not in air."
    },
    {
      "type": "origins:keybind",
      "sprite": "origins:textures/gui/badge/toggle.png",
      "text": "Using %s will toggle the flight, the bar will disappear as a sign it is off."
    }
  ]
}