{
  "type": "origins:multiple",
  "name": "Light",
  "description": "Since you are light, you do not take fall damage, however you cannot wear armour above gold because it is too heavy for you.",
  "fall": {
    "type": "origins:invulnerability",
    "damage_condition": {
        "type": "origins:name",
        "name": "fall"
    }
  },
  "armour": {
    "type": "origins:restrict_armor",
    "head": {
      "type": "origins:armor_value",
      "comparison": ">",
      "compare_to": 2
    },
    "chest": {
      "type": "origins:armor_value",
      "comparison": ">",
      "compare_to": 5
    },
    "legs": {
      "type": "origins:armor_value",
      "comparison": ">",
      "compare_to": 3
    },
    "feet": {
      "type": "origins:armor_value",
      "comparison": ">",
      "compare_to": 1
    }
  }
}