{
  "type": "origins:action_on_callback",
  "entity_action_chosen": {
  "type": "origins:and",
  "actions": [
  {
    "type": "origins:execute_command",
    "command": "scale set pehkui:height 0.74 @s"
  },
  {
    "type": "origins:execute_command",
    "command": "scale set pehkui:hitbox_height 0.8"
  },
  {
    "type": "origins:execute_command",
    "command": "scale set pehkui:width 0.74 @s"
  },
  {
    "type": "origins:execute_command",
    "command": "scale persist set true @s"
  }
  ]
  },
  "entity_action_lost": {
      "type": "origins:execute_command",
      "command": "scale reset @s"
  },
"name": "Inflated",
"description": "You have been fully inflated, however, you cannot be bigger, meaning you are 1.5 blocks."
}