{
    "powers": [
        "afterlife:archaeologist/archaeology",
        "afterlife:archaeologist/fortunate",
        "afterlife:archaeologist/fashion",
        "afterlife:archaeologist/sacred",
        "afterlife:archaeologist/entomophobia",
        "afterlife:common/credits"
    ],
    "icon": {
        "item": "minecraft:iron_shovel"
    },
    "order": 0,
    "impact": 2,
    "name": "Archaeologist",
    "description": "You are obsessed with fossils and relics, artifacts and more. Talents gathered among your years of practice will surely help you along your journey."
}