{
    "powers": [
        "afterlife:assassin/agile",
        "afterlife:assassin/lightweight",
        "afterlife:assassin/camouflage",
        "afterlife:assassin/glass_cannon",
        "afterlife:assassin/heavyload",
        "afterlife:assassin/instability",
        "afterlife:common/credits"
    ],
    "icon": {
        "item": "minecraft:iron_sword"
    },
    "order": 0,
    "impact": 2,
    "name": "Assassin",
    "description": "As an assassin, you move and kill quieter. Get in, do the job, and get out; simple as that."
}