{
    "powers": [
        "afterlife:butterfly/size",
        "origins:like_air",
        "origins:slow_falling",
        "afterlife:butterfly/dash",
        "afterlife:butterfly/flower_regen",
        "afterlife:butterfly/bug_vision",
        "afterlife:butterfly/spider_vuln",
        "origins:vegetarian",
        "afterlife:butterfly/health",
        "afterlife:butterfly/elytra",
        "afterlife:common/credits"
    ],
    "icon": {
        "item": "minecraft:oxeye_daisy"
    },
    "order": 0,
    "impact": 3,
    "name": "Butterfly",
    "description": "You are a tiny master of flight."
}