{
    "powers": [
        "afterlife:chillager/cryo_freeze",
        "afterlife:chillager/ice_fall",
        "afterlife:chillager/frozen_touch",
        "afterlife:chillager/fine_motor_skills",
        "afterlife:common/credits"
    ],
    "icon": {
        "item": "minecraft:blue_ice"
    },
    "order": 0,
    "impact": 2,
    "name": "Chillager",
    "description": "Brrrrr! You freeze yourself and your opponents alike, however being cold finds itself much more beneficial to you than your enemies."
}