{
    "powers": [
        "afterlife:dfairy/wings",
        "afterlife:dfairy/invisibility",
        "afterlife:dfairy/small",
        "afterlife:dfairy/nightvis",
        "afterlife:dfairy/cold",
        "afterlife:dfairy/daylight",
        "afterlife:dfairy/beam",
        "afterlife:common/credits"
    ],
    "icon": {
        "item": "minecraft:wither_rose"
    },
    "order": 0,
    "impact": 2,
    "name": "Dark Fairy",
    "description": "A fairy that has turned to the dark side."
}