{
    "powers": [
        "afterlife:glitch/affected",
        "afterlife:glitch/glitchspawn",
        "afterlife:glitch/flux_foods",
        "afterlife:glitch/lactose_intolerance",
        "afterlife:common/credits"
    ],
    "icon": {
        "item": "minecraft:black_glazed_terracotta"
    },
    "order": 0,
    "impact": 2,
    "name": "Glitch",
    "description": "An error in the world, a null value. This supposed \"creature\" stalks the lands, a mistake waiting to be fixed."
}