{
    "powers": [
        "origins:elytra",
        "afterlife:hippogryph/dash",
        "afterlife:hippogryph/rideable",
        "afterlife:hippogryph/pick_up_mobs",
        "afterlife:hippogryph/needs_sky",
        "afterlife:hippogryph/only_armor_gold",
        "afterlife:common/credits"
    ],
    "icon": {
        "item": "minecraft:saddle"
    },
    "order": 0,
    "impact": 1,
    "name": "Hippogryph",
    "description": "A noble creature, capable of taking to the skies."
}