{
    "powers": [
        "afterlife:sniffling/prosperous_senses",
        "afterlife:sniffling/defensive_fleece",
        "afterlife:sniffling/ancient_diet",
        "afterlife:sniffling/prehistoric",
        "afterlife:sniffling/heavyweight",
        "afterlife:sniffling/noise_replacements",
        "afterlife:sniffling/flowers",
        "afterlife:common/credits"
    ],
    "icon": {
        "item": "minecraft:fire_coral_block"
    },
    "order": 0,
    "impact": 2,
    "name": "Sniffling",
    "description": "A shrunken descendant of the Sniffer, this prehistoric creature is capable of a similar feat of senses, in a different way, however."
}