{
    "powers": [
        "afterlife:sunshine_girl/sunlight",
        "afterlife:sunshine_girl/beam",
        "afterlife:sunshine_girl/green_thumb",
        "afterlife:sunshine_girl/sunlight_dependency",
        "afterlife:sunshine_girl/weather",
        "afterlife:common/credits"
    ],
    "icon": {
        "item": "minecraft:sunflower"
    },
    "order": 0,
    "impact": 2,
    "name": "Sunshine Girl",
    "description": "You can absorb sunlight, and use and consume later."
}