{
    "powers": [
        "afterlife:toy/mob_ignore",
        "afterlife:toy/fall_immune",
        "afterlife:toy/size",
        "afterlife:toy/heal",
        "afterlife:toy/health",
        "afterlife:common/fire_vuln",
        "afterlife:toy/cant_use",
        "origins:no_shield",
        "afterlife:common/credits"
    ],
    "icon": {
        "item": "minecraft:music_disc_cat"
    },
    "order": 0,
    "impact": 1,
    "name": "Toy",
    "description": "There's a snake in my boot!"
}