{
    "powers": [
        "afterlife:transporter/portal",
        "afterlife:transporter/marker",
        "afterlife:transporter/quickrift",
        "afterlife:transporter/sparse_particles",
        "afterlife:transporter/hunger",
        "afterlife:transporter/relocation"
    ],
    "icon": {
        "item": "minecraft:end_portal_frame"
    },
    "order": 0,
    "impact": 1,
    "name": "Transporter",
    "description": "A Transporter is a sparse-atommed creature that is able to create rifts in space to relocate themselves and others."
}