{
    "powers": [
        "afterlife:weeping_angel/angelic_touch",
        "afterlife:weeping_angel/blink",
        "afterlife:weeping_angel/lightfoot",
        "afterlife:weeping_angel/immortality",
        "afterlife:weeping_angel/imperceptible",
        "afterlife:common/fire_immune",
        "afterlife:common/credits"
    ],
    "icon": {
        "item": "minecraft:stone"
    },
    "order": 0,
    "impact": 2,
    "name": "Weeping Angel",
    "description": "An angel, cast away to Earth to share ruin amongst the lands."
}