{
    "powers": [
        "afterlife:woodland_being/green_thumb",
        "afterlife:woodland_being/leaf_phasing",
        "afterlife:woodland_being/rooted",
        "afterlife:woodland_being/axe_damage",
        "afterlife:woodland_being/size",
        "afterlife:woodland_being/mine_wood_penalty",
        "afterlife:woodland_being/health",
        "afterlife:common/fire_vuln",
        "afterlife:common/credits"
    ],
    "icon": {
        "item": "minecraft:oak_sapling"
    },
    "order": 0,
    "impact": 2,
    "name": "Woodland Being",
    "description": "Child and defender of nature."
}