{
  "type": "origins:multiple",
  "sprinting_speed": {
    "type": "origins:modify_velocity",
    "axes": [
        "x",
        "z"
    ],
    "modifier": {
        "operation": "multiply_total",
        "value": 0.5
    },
    "condition": {
      "type": "origins:and",
      "conditions": [
        {
          "type": "origins:sprinting"
        },
        {
          "type": "origins:resource",
          "resource": "*:assassin/instability_time",
          "comparison": "==",
          "compare_to": 0
        }
      ]
    }
  },
  "modify_jump": {
    "type": "origins:modify_jump",
    "modifier": {
      "operation": "multiply_total",
      "value": 0.5
    },
    "condition": {
      "type": "origins:and",
      "conditions": [
        {
          "type": "origins:sprinting"
        },
        {
          "type": "origins:resource",
          "resource": "*:assassin/instability_time",
          "comparison": "==",
          "compare_to": 0
        }
      ]
    }
  },
  "badges": [
    {
      "type": "origins:tooltip",
      "sprite": "origins:textures/gui/badge/info.png",
      "text": "Both are increased by 50%"
    }
  ],
  "name": "Agile",
  "description": "You move faster and jump higher when sprinting."
}