{
  "type": "origins:multiple",
  "time": {
    "type": "origins:resource",
    "min": 0,
    "max": 700,
    "hud_render": {
      "should_render": true,
      "sprite_location": "origins:textures/gui/community/spiderkolo/resource_bar_03.png",
      "bar_index": 9,
      "condition": {
        "type": "origins:resource",
        "resource": "*:assassin/instability_time",
        "comparison": ">",
        "compare_to": 0
      }
    }
  },
  "add": {
    "type": "origins:self_action_when_hit",
    "entity_action": {
      "type": "origins:change_resource",
      "resource": "*:assassin/instability_time",
      "change": 100
    },
    "cooldown": 10
  },
  "remove": {
    "type": "origins:action_over_time",
    "entity_action": {
      "type": "origins:change_resource",
      "resource": "*:assassin/instability_time",
      "change": -1
    },
    "interval": 1
  },
  "badges": [
    {
      "type": "origins:tooltip",
      "sprite": "origins:textures/gui/badge/info.png",
      "text": "Your camoflague, quicker sneaking and agility are the ones disabled specifically"
    }
  ],
  "name": "Instability",
  "description": "When hit, many of your abilities are disabled for a short while."
}