{
    "type": "origins:multiple",
    "modify_velocity": {
        "type": "origins:modify_velocity",
        "axes": [
            "x",
            "z"
        ],
        "modifier": {
            "operation": "multiply_total",
            "value": 0.7
        },
        "condition": {
            "type": "origins:and",
            "conditions": [
                {
                    "type": "origins:sneaking"
                },
                {
                    "type": "origins:resource",
					"resource": "*:assassin/instability_time",
					"comparison": "==",
					"compare_to": 0
                },
                {
                    "type": "origins:on_block"
                }
            ]
        }
    },
    "custom_footstep": {
        "type": "apugli:custom_footstep",
        "muted": true
    },
    "modify_falling": {
        "type": "origins:modify_falling",
        "velocity": 0.08,
        "take_fall_damage": false
    },
    "badges": [
        {
          "type": "origins:tooltip",
          "sprite": "origins:textures/gui/badge/info.png",
          "text": "Hitting the ground is also silenced"
        }
    ],
    "name": "Lightweight",
    "description": "You aren't slowed while sneaking, your footsteps are silent, and you don't take fall damage."
}