{
  "type": "origins:multiple",
  "cooldown": {
    "type": "origins:cooldown",
    "cooldown": 200,
    "hud_render": {
      "sprite_location": "origins:textures/gui/community/huang/resource_bar_02.png",
      "bar_index": 1
    }
  },
  "toggle": {
    "type": "origins:toggle",
    "retain_state": true,
    "active_by_default": false,
    "key": "key.origins.primary_active",
    "condition": {
      "type": "origins:resource",
      "resource": "*:*_cooldown",
      "comparison": "==",
      "compare_to": 0
    }
  },
  "vunerability": {
    "type": "origins:modify_damage_taken",
    "modifier": {
      "operation": "multiply_base",
      "value": 3
    },
    "condition": {
      "type": "origins:power_active",
      "power": "*:*_toggle"
    }
  },
  "flight": {
    "type": "origins:swimming",
    "condition": {
      "type": "origins:power_active",
      "power": "*:*_toggle"
    }
  },
  "latch": {
    "type": "origins:action_on_entity_use",
    "bientity_action": {
      "type": "origins:and",
      "actions": [
        {
          "type": "origins:mount"
        },
        {
          "type": "origins:target_action",
          "action": {
            "type": "origins:and",
            "actions": [
              {
                "type": "origins:play_sound",
                "sound": "block.sculk_catalyst.bloom",
                "volume": 3
              },
              {
                "type": "origins:spawn_particles",
                "particle": {
                  "type": "sculk_soul"
                },
                "count": 12,
                "speed": 0.5
              }
            ]
          }
        }
      ]
    },
    "condition": {
      "type": "origins:power_active",
      "power": "*:*_toggle"
    }
  },
  "particles": {
    "type": "origins:action_over_time",
    "interval": 1,
    "entity_action": {
      "type": "origins:if_else",
      "condition": {
        "type": "origins:on_block",
        "inverted": true
      },
      "if_action": {
        "type": "origins:execute_command",
        "command": "particle minecraft:dust_color_transition 0 .3 .4 1 0 0 0 ~ ~ ~ 0.2 0.2 0.2 1 10 normal"
      },
      "else_action": {
        "type": "origins:execute_command",
        "command": "particle block minecraft:sculk ~ ~ ~ 0.3 0 0.3 1 1 normal"
      }
    },
    "condition": {
      "type": "origins:and",
      "conditions": [
        {
          "type": "origins:power_active",
          "power": "*:*_toggle"
        },
        {
          "type": "origins:riding",
          "inverted": true
        }
      ]
    }
  },
  "invul": {
    "type": "origins:modify_damage_taken",
    "modifier": {
      "operation": "set_total",
      "value": 0
    },
    "condition": {
      "type": "origins:and",
      "conditions": [
        {
          "type": "origins:power_active",
          "power": "*:*_toggle"
        },
        {
          "type": "origins:riding"
        }
      ]
    }
  },
  "kick": {
    "type": "origins:action_over_time",
    "interval": 1,
    "entity_action": {
      "type": "origins:if_else",
      "condition": {
        "type": "origins:riding",
        "bientity_condition": {
          "type": "origins:target_condition",
          "condition": {
            "type": "origins:and",
            "conditions": [
              {
                "type": "origins:entity_type",
                "entity_type": "minecraft:player"
              },
              {
                "type": "origins:sneaking"
              }
            ]
          }
        }
      },
      "if_action": {
        "type": "origins:chance",
        "action": {
          "type": "origins:and",
          "actions": [
            {
              "type": "origins:play_sound",
              "sound": "block.sculk_catalyst.bloom",
              "volume": 3
            },
            {
              "type": "origins:spawn_particles",
              "particle": {
                "type": "sculk_soul"
              },
              "count": 12,
              "speed": 0.5
            },
            {
              "type": "origins:dismount"
            },
            {
              "type": "origins:trigger_cooldown",
              "power": "*:*_cooldown"
            },
            {
              "type": "origins:apply_effect",
              "effects": [
                {
                  "effect": "minecraft:weakness",
                  "duration": 200
                },
                {
                  "effect": "minecraft:slowness",
                  "duration": 200
                },
                {
                  "effect": "minecraft:mining_fatigue",
                  "duration": 200
                }
              ]
            }
          ]
        },
        "chance": 0.01
      }
    }
  },
  "size": {
    "type": "origins:action_over_time",
    "interval": 1,
    "entity_action": {
      "type": "origins:if_else",
      "condition": {
        "type": "origins:and",
        "conditions": [
          {
            "type": "origins:power_active",
            "power": "*:*_toggle"
          },
          {
            "type": "origins:riding"
          }
        ]
      },
      "if_action": {
        "type": "origins:and",
        "actions": [
          {
            "type": "origins:execute_command",
            "command": "scale delay set 0 @s"
          },
          {
            "type": "origins:execute_command",
            "command": "scale set pehkui:eye_height 0.1 @s"
          },
          {
            "type": "origins:execute_command",
            "command": "scale set pehkui:hitbox_height 0 @s"
          },
          {
            "type": "origins:execute_command",
            "command": "scale set pehkui:hitbox_width 0.001 @s"
          }
        ]
      },
      "else_action": {
        "type": "origins:execute_command",
        "command": "scale reset @s"
      }
    }
  },
  "particles_host": {
    "type": "origins:action_over_time",
    "interval": 1,
    "condition": {
      "type": "origins:and",
      "conditions": [
        {
          "type": "origins:power_active",
          "power": "*:*_toggle"
        },
        {
          "type": "origins:riding"
        }
      ]
    },
    "entity_action": {
      "type": "origins:riding_action",
      "bientity_action": {
        "type": "origins:target_action",
        "action": {
          "type": "origins:spawn_particles",
          "particle": {
            "type": "block",
            "params": "sculk"
          },
          "count": 1,
          "speed": 1.0
        }
      }
    }
  },
  "invisibility": {
    "type": "origins:model_color",
    "alpha": 0,
    "condition": {
      "type": "origins:power_active",
      "power": "*:*_toggle"
    }
  },
  "control_forward_player": {
    "type": "origins:active_self",
    "entity_action": {
      "type": "origins:chance",
      "action": {
        "type": "origins:riding_action",
        "bientity_action": {
          "type": "origins:add_velocity",
          "y": 0.5
        }
      },
      "chance": 0.25
    },
    "condition": {
      "type": "origins:and",
      "conditions": [
        {
          "type": "origins:power_active",
          "power": "*:*_toggle"
        },
        {
          "type": "origins:riding",
          "bientity_condition": {
            "type": "origins:target_condition",
            "condition": {
              "type": "origins:and",
              "conditions": [
                {
                  "type": "origins:entity_type",
                  "entity_type": "minecraft:player"
                },
                {
                  "type": "origins:on_block"
                }
              ]
            }
          }
        }
      ]
    },
    "hud_render": {
      "should_render": false
    },
    "cooldown": 1,
    "key": {
      "key": "key.forward"
    }
  },
  "control_forward": {
    "type": "origins:active_self",
    "entity_action": {
      "type": "origins:riding_action",
      "bientity_action": {
        "type": "origins:add_velocity",
        "y": 0.05
      }
    },
    "condition": {
      "type": "origins:and",
      "conditions": [
        {
          "type": "origins:power_active",
          "power": "*:*_toggle"
        },
        {
          "type": "origins:riding",
          "bientity_condition": {
            "type": "origins:target_condition",
            "condition": {
              "type": "origins:and",
              "conditions": [
                {
                  "type": "origins:entity_type",
                  "entity_type": "minecraft:player",
                  "inverted": true
                },
                {
                  "type": "origins:on_block"
                }
              ]
            }
          }
        }
      ]
    },
    "hud_render": {
      "should_render": false
    },
    "cooldown": 1,
    "key": {
      "key": "key.forward",
      "continuous": true
    }
  },
  "rot": {
    "type": "origins:active_self",
    "entity_action": {
      "type": "origins:riding_action",
      "bientity_action": {
        "type": "origins:damage",
        "amount": 1,
        "source": {
          "name": "wither",
          "bypasses_armor": true,
          "unblockable": true
        }
      }
    },
    "condition": {
      "type": "origins:and",
      "conditions": [
        {
          "type": "origins:equipped_item",
          "equipment_slot": "mainhand",
          "item_condition": {
            "type": "origins:empty"
          }
        },
        {
          "type": "origins:power_active",
          "power": "*:*_toggle"
        },
        {
          "type": "origins:riding",
          "bientity_condition": {
            "type": "origins:target_condition",
            "condition": {
              "type": "origins:entity_type",
              "entity_type": "minecraft:player",
              "inverted": true
            }
          }
        }
      ]
    },
    "cooldown": 10,
    "hud_render": {
      "should_render": false
    },
    "key": {
      "key": "key.use",
      "continuous": true
    }
  },
  "dismount": {
    "type": "origins:active_self",
    "entity_action": {
      "type": "origins:riding_action",
      "bientity_action": {
        "type": "origins:target_action",
        "action": {
          "type": "origins:and",
          "actions": [
            {
              "type": "origins:play_sound",
              "sound": "block.sculk_catalyst.bloom",
              "volume": 3
            },
            {
              "type": "origins:spawn_particles",
              "particle": {
                "type": "sculk_soul"
              },
              "count": 12,
              "speed": 0.5
            }
          ]
        }
      }
    },
    "condition": {
      "type": "origins:and",
      "conditions": [
        {
          "type": "origins:power_active",
          "power": "*:*_toggle"
        },
        {
          "type": "origins:riding"
        }
      ]
    },
    "cooldown": 1,
    "hud_render": {
      "should_render": false
    },
    "key": {
      "key": "key.sneak",
      "continuous": true
    }
  },
  "blind": {
    "type": "origins:active_self",
    "entity_action": {
      "type": "origins:riding_action",
      "bientity_action": {
        "type": "origins:target_action",
        "action": {
          "type": "origins:and",
          "actions": [
            {
              "type": "origins:apply_effect",
              "effect": {
                "effect": "minecraft:darkness",
                "duration": 100
              }
            },
            {
              "type": "origins:clear_effect",
              "effect": "minecraft:night_vision"
            }
          ]
        }
      }
    },
    "condition": {
      "type": "origins:and",
      "conditions": [
        {
          "type": "origins:power_active",
          "power": "*:*_toggle"
        },
        {
          "type": "origins:riding"
        }
      ]
    },
    "cooldown": 1,
    "hud_render": {
      "should_render": false
    },
    "key": {
      "key": "key.saveToolbarActivator",
      "continuous": true
    }
  },
  "vision": {
    "type": "origins:active_self",
    "entity_action": {
      "type": "origins:riding_action",
      "bientity_action": {
        "type": "origins:target_action",
        "action": {
          "type": "origins:and",
          "actions": [
            {
              "type": "origins:apply_effect",
              "effect": {
                "effect": "minecraft:night_vision",
                "duration": 100
              }
            },
            {
              "type": "origins:clear_effect",
              "effect": "minecraft:darkness"
            }
          ]
        }
      }
    },
    "condition": {
      "type": "origins:and",
      "conditions": [
        {
          "type": "origins:power_active",
          "power": "*:*_toggle"
        },
        {
          "type": "origins:riding"
        }
      ]
    },
    "cooldown": 1,
    "hud_render": {
      "should_render": false
    },
    "key": {
      "key": "key.loadToolbarActivator",
      "continuous": true
    }
  },
  "badges": [
    {
      "type": "origins:keybind",
      "sprite": "origins:textures/gui/badge/active.png",
      "text": "[Walk Forwards] to go forwards."
    },
    {
      "type": "origins:tooltip",
      "sprite": "origins:textures/gui/badge/tooltip.png",
      "text": "For only non-players, you can press [Use] to cause them damage, for players, you can use the [SaveToolbarActivator] and [LoadToolbarActivator] keys to cause blindness or night vision."
    },
    {
      "type": "origins:tooltip",
      "sprite": "origins:textures/gui/badge/star.png",
      "text": "Non-players can be constantly drawn by holding the key, for players, you'll have to button mash and pray."
    }
  ],
  "name": "Airborne",
  "description": "You can transfer yourself into a vulnerable airborne state, able to lock onto a creature and have some control over it."
}