{
  "type": "origins:multiple",
  "effect_immunity": {
    "type": "origins:effect_immunity",
    "effects": [
      "minecraft:blindness",
      "minecraft:darkness",
      "minecraft:nausea"
    ]
  },
  "night_vision": {
    "type": "origins:night_vision",
    "strength": 0.4
  },
  "name": "Mapped Terrain",
  "description": "Your kind have and will continue to map terrain for centuries, giving you adept vision, unaffected by potion effects or lack of light, however, this map will not include living creatures.",
  "badges": [
    {
      "sprite": "origins:textures/gui/badge/info.png",
      "text": "This means that you can see the world perfectly, but won’t see creatures."
    }
  ]
}