{
  "type": "origins:multiple",
  "action_on_hit": {
    "type": "origins:action_on_hit",
    "bientity_action": {
      "type": "origins:target_action",
      "action": {
        "type": "origins:change_resource",
        "resource": "*:sculk/sculk_handler_resource",
        "change": 100
      }
    }
  },
  "action_over_time": {
    "type": "origins:action_over_time",
    "entity_action": {
      "type": "origins:and",
      "actions": [
        {
          "type": "origins:change_resource",
          "resource": "*:*_resource",
          "change": -1
        },
        {
          "type": "origins:change_resource",
          "resource": "*:*_cooldown",
          "change": -1
        }
      ]
    },
    "interval": 1
  },
  "personal": {
    "type": "origins:action_over_time",
    "interval": 20,
    "entity_action": {
      "type": "origins:area_of_effect",
      "bientity_action": {
        "type": "origins:target_action",
        "action": {
          "type": "origins:change_resource",
          "resource": "*:sculk/sculk_handler_resource",
          "change": 30
        }
      },
      "bientity_condition": {
        "type": "origins:target_condition",
        "condition": {
          "type": "origins:and",
          "conditions": [
            {
              "type": "origins:moving"
            },
            {
              "type": "origins:sneaking",
              "inverted": true
            }
          ]
        }
      }
    }
  },
  "prevent_entity_render": {
    "type": "origins:prevent_entity_render",
    "condition": {
      "type": "origins:gamemode",
      "gamemode": "spectator",
      "inverted": true
    },
    "entity_condition": {
      "type": "origins:and",
      "conditions": [
        {
          "type": "origins:living"
        },
        {
          "type": "origins:origin",
          "origin": "afterlife:sculk",
          "inverted": true
        },
        {
          "type": "origins:resource",
          "resource": "*:sculk/sculk_handler_resource",
          "comparison": "==",
          "compare_to": 0
        },
        {
          "type": "origins:on_block"
        },
        {
          "type": "origins:in_block",
          "inverted": true,
          "block_condition": {
            "type": "origins:or",
            "conditions": [
              {
                "type": "origins:block",
                "block": "minecraft:sculk"
              },
              {
                "type": "origins:block",
                "block": "minecraft:sculk_vein"
              },
              {
                "type": "origins:block",
                "block": "minecraft:sculk_catalyst"
              },
              {
                "type": "origins:block",
                "block": "minecraft:sculk_shrieker"
              }
            ]
          }
        },
        {
          "type": "origins:on_block",
          "inverted": true,
          "block_condition": {
            "type": "origins:or",
            "conditions": [
              {
                "type": "origins:block",
                "block": "minecraft:sculk"
              },
              {
                "type": "origins:block",
                "block": "minecraft:sculk_vein"
              },
              {
                "type": "origins:block",
                "block": "minecraft:sculk_catalyst"
              },
              {
                "type": "origins:block",
                "block": "minecraft:sculk_shrieker"
              }
            ]
          }
        }
      ]
    }
  },
  "step": {
    "type": "origins:prevent_game_event",
    "event": "minecraft:step"
  },
  "flap": {
    "type": "origins:prevent_game_event",
    "event": "minecraft:flap"
  },
  "swim": {
    "type": "origins:prevent_game_event",
    "event": "minecraft:swim"
  },
  "elytra_glide": {
    "type": "origins:prevent_game_event",
    "event": "minecraft:elytra_glide"
  },
  "hit_ground": {
    "type": "origins:prevent_game_event",
    "event": "minecraft:hit_ground"
  },
  "teleport": {
    "type": "origins:prevent_game_event",
    "event": "minecraft:teleport"
  },
  "block_change": {
    "type": "origins:prevent_game_event",
    "event": "minecraft:block_change"
  },
  "splash": {
    "type": "origins:prevent_game_event",
    "event": "minecraft:splash"
  },
  "drink": {
    "type": "origins:prevent_game_event",
    "event": "minecraft:drink"
  },
  "projectile_shoot": {
    "type": "origins:prevent_game_event",
    "event": "minecraft:projectile_shoot"
  },
  "entity_interact": {
    "type": "origins:prevent_game_event",
    "event": "minecraft:entity_interact"
  },
  "projectile_land": {
    "type": "origins:prevent_game_event",
    "event": "minecraft:projectile_land"
  },
  "eat": {
    "type": "origins:prevent_game_event",
    "event": "minecraft:eat"
  },
  "entity_damage": {
    "type": "origins:prevent_game_event",
    "event": "minecraft:entity_damage"
  },
  "equip": {
    "type": "origins:prevent_game_event",
    "event": "minecraft:equip"
  },
  "shear": {
    "type": "origins:prevent_game_event",
    "event": "minecraft:shear"
  },
  "block_close": {
    "type": "origins:prevent_game_event",
    "event": "minecraft:block_close"
  },
  "block_deactivate": {
    "type": "origins:prevent_game_event",
    "event": "minecraft:block_deactivate"
  },
  "block_detach": {
    "type": "origins:prevent_game_event",
    "event": "minecraft:block_detach"
  },
  "block_open": {
    "type": "origins:prevent_game_event",
    "event": "minecraft:block_open"
  },
  "block_activate": {
    "type": "origins:prevent_game_event",
    "event": "minecraft:block_activate"
  },
  "block_attach": {
    "type": "origins:prevent_game_event",
    "event": "minecraft:block_attach"
  },
  "block_place": {
    "type": "origins:prevent_game_event",
    "event": "minecraft:block_place"
  },
  "entity_place": {
    "type": "origins:prevent_game_event",
    "event": "minecraft:entity_place"
  },
  "fluid_place": {
    "type": "origins:prevent_game_event",
    "event": "minecraft:fluid_place"
  },
  "block_destroy": {
    "type": "origins:prevent_game_event",
    "event": "minecraft:block_destroy"
  },
  "fluid_pickup": {
    "type": "origins:prevent_game_event",
    "event": "minecraft:fluid_pickup"
  },
  "item_interact_finish": {
    "type": "origins:prevent_game_event",
    "event": "minecraft:item_interact_finish"
  },
  "container_close": {
    "type": "origins:prevent_game_event",
    "event": "minecraft:container_close"
  },
  "container_open": {
    "type": "origins:prevent_game_event",
    "event": "minecraft:container_open"
  },
  "name": "Interconnected Network",
  "description": "As a part of the network, if the Sculk detects a noisy creature, it will also notify you.",
  "badges": [
    {
      "sprite": "origins:textures/gui/badge/star.png",
      "text": "You also won't be detected by the Sculk."
    }
  ]
}