{
  "type": "origins:multiple",
  "disable_regen": {
    "type": "origins:disable_regen",
    "condition": {
      "type": "origins:xp_points",
      "comparison": "==",
      "compare_to": 0
    }
  },
  "saturate": {
    "type": "origins:action_over_time",
    "interval": 20,
    "entity_action": {
      "type": "origins:feed",
      "food": 20,
      "saturation": 20  
    }
  },
  "heal": {
    "type": "origins:action_over_time",
    "entity_action": {
      "type": "origins:execute_command",
      "command": "xp add @s -1 points"
    },
    "condition": {
      "type": "origins:and",
      "conditions": [
        {
          "type": "origins:relative_health",
          "comparison": "<",
          "compare_to": 1
        },
        {
          "type": "origins:xp_points",
          "comparison": ">",
          "compare_to": 0
        }
      ]
    },
    "interval": 10
  },
  "name": "Sculk Catalyzer",
  "description": "Regenerating naturally requires experience points, even if your hunger is full.",
  "badges": [
    {
      "sprite": "origins:textures/gui/badge/star.png",
      "text": "Harvesting Sculk may remedy this issue!"
    }
  ]
}
