{
  "type": "origins:multiple",
  "resource": {
    "type": "origins:resource",
    "min": 0,
    "max": 200,
    "hud_render": {
      "should_render": false
    }
  },
  "cooldown": {
    "type": "origins:resource",
    "min": 0,
    "max": 100,
    "hud_render": {
      "should_render": false
    }
  },
  "action_on_hit": {
    "type": "origins:action_on_hit",
    "bientity_action": {
      "type": "origins:actor_action",
      "action": {
        "type": "origins:change_resource",
        "resource": "*:sculk_handler_resource",
        "change": 100
      }
    }
  },
  "action_over_time": {
    "type": "origins:action_over_time",
    "entity_action": {
      "type": "origins:and",
      "actions": [
        {
          "type": "origins:change_resource",
          "resource": "*:*_resource",
          "change": -1
        },
        {
          "type": "origins:change_resource",
          "resource": "*:*_cooldown",
          "change": -1
        }
      ]
    },
    "interval": 1
  },
  "step": {
    "type": "origins:prevent_game_event",
    "event": "minecraft:step",
    "entity_action": {
      "type": "origins:and",
      "actions": [
        {
          "type": "origins:change_resource",
          "resource": "*:*_resource",
          "change": 60
        },
        {
          "type": "origins:change_resource",
          "resource": "*:*_cooldown",
          "change": 5
        },
        {
          "type": "origins:emit_game_event",
          "event": "minecraft:step"
        }
      ]
    },
    "condition": {
      "type": "origins:and",
      "conditions": [
        {
          "type": "origins:block_in_radius",
          "block_condition": {
            "type": "origins:and",
            "conditions": [
              {
                "type": "origins:block",
                "block": "minecraft:sculk_sensor"
              },
              {
                "type": "origins:block_state",
                "property": "sculk_sensor_phase",
                "enum": "inactive"
              }
            ]
          },
          "radius": 8,
          "shape": "sphere",
          "comparison": ">=",
          "compare_to": 1
        },
        {
          "type": "origins:resource",
          "resource": "*:*_cooldown",
          "comparison": "==",
          "compare_to": 0
        },
        {
          "type": "origins:origin",
          "origin": "afterlife:sculk",
          "inverted": true
        },
        {
          "type": "origins:entity_type",
          "entity_type": "minecraft:warden",
          "inverted": true
        }
      ]
    }
  },
  "name": "One with The Sculk",
  "description": "You are one with the Sculk and do will not anger it."
}