{
  "type": "origins:multiple",
  "toggle": {
    "type": "origins:toggle",
    "active_by_default": true,
    "key": {
      "key": "key.origins.primary_active"
    }
  },
  "shader": {
    "type": "origins:shader",
    "shader": "minecraft:shaders/post/sobel.json",
    "condition": {
      "type": "origins:and",
      "conditions": [
        {
          "type": "origins:or",
          "conditions": [
            {
              "type": "origins:in_block",
              "block_condition": {
                "type": "origins:offset",
                "condition": {
                  "type": "origins:block",
                  "block": "minecraft:sculk"
                },
                "y": 1
              }
            },
            {
              "type": "origins:and",
              "conditions": [
                {
                  "type": "origins:swimming"
                },
                {
                  "type": "origins:in_block",
                  "block_condition": {
                    "type": "origins:block",
                    "block": "minecraft:sculk"
                  }
                }
              ]
            }
          ]
        },
        {
          "type": "origins:power_active",
          "power": "*:*_toggle"
        },
        {
          "type": "origins:gamemode",
          "gamemode": "spectator",
          "inverted": true
        }
      ]
    }
  },
  "phasing": {
    "type": "origins:phasing",
    "render_type": "blindness",
    "view_distance": 20,
    "block_condition": {
      "type": "origins:block",
      "block": "minecraft:sculk"
    },
    "phase_down_condition": {
      "type": "origins:and",
      "conditions": [
        {
          "type": "origins:sneaking"
        },
        {
          "type": "origins:on_block"
        }
      ]
    },
    "condition": {
      "type": "origins:power_active",
      "power": "*:*_toggle"
    }
  },
  "swimming": {
    "type": "origins:swimming",
    "condition": {
      "type": "origins:and",
      "conditions": [
        {
          "type": "origins:in_block",
          "block_condition": {
            "type": "origins:block",
            "block": "minecraft:sculk"
          }
        },
        {
          "type": "origins:power_active",
          "power": "*:*_toggle"
        }
      ]
    }
  },
  "under": {
    "type": "origins:action_over_time",
    "entity_action": {
      "type": "origins:if_else",
      "condition": {
        "type": "origins:and",
        "conditions": [
          {
            "type": "origins:in_block",
            "block_condition": {
              "type": "origins:offset",
              "condition": {
                "type": "origins:block",
                "block": "minecraft:sculk"
              },
              "y": 1
            }
          },
          {
            "type": "origins:gamemode",
            "gamemode": "spectator",
            "inverted": true
          }
        ]
      },
      "if_action": {
        "type": "origins:grant_power",
        "power": "origins:water_breathing",
        "source": "slayer_sculk:power_source"
      },
      "else_action": {
        "type": "origins:revoke_power",
        "power": "origins:water_breathing",
        "source": "slayer_sculk:power_source"
      }
    },
    "interval": 1
  },
  "souls": {
    "type": "origins:action_over_time",
    "entity_action": {
      "type": "origins:if_else",
      "condition": {
        "type": "origins:and",
        "conditions": [
          {
            "type": "origins:in_block",
            "block_condition": {
              "type": "origins:offset",
              "condition": {
                "type": "origins:block",
                "block": "minecraft:sculk"
              },
              "y": 1
            }
          },
          {
            "type": "origins:gamemode",
            "gamemode": "spectator",
            "inverted": true
          }
        ]
      },
      "if_action": {
        "type": "origins:and",
        "actions": [
          {
            "type": "origins:play_sound",
            "sound": "minecraft:particle.soul_escape",
            "volume": 1,
            "pitch": 0
          },
          {
            "type": "origins:play_sound",
            "sound": "minecraft:block.sculk.spread",
            "volume": 0.25,
            "pitch": 1
          }
        ]
      }
    },
    "interval": 5
  },
  "digging": {
    "type": "origins:action_over_time",
    "entity_action": {
      "type": "origins:if_else",
      "condition": {
        "type": "origins:or",
        "conditions": [
          {
            "type": "origins:and",
            "conditions": [
              {
                "type": "origins:swimming",
                "inverted": true
              },
              {
                "type": "origins:in_block",
                "block_condition": {
                  "type": "origins:offset",
                  "condition": {
                    "type": "origins:block",
                    "block": "minecraft:sculk"
                  },
                  "y": 1
                }
              },
              {
                "type": "origins:in_block",
                "block_condition": {
                  "type": "origins:block",
                  "block": "minecraft:sculk"
                }
              }
            ]
          },
          {
            "type": "origins:in_block",
            "block_condition": {
              "type": "origins:and",
              "conditions": [
                {
                  "type": "origins:offset",
                  "condition": {
                    "type": "origins:or",
                    "conditions": [
                      {
                        "type": "origins:block",
                        "block": "minecraft:air"
                      },
                      {
                        "type": "origins:block",
                        "block": "minecraft:cave_air"
                      }
                    ]
                  },
                  "y": 2
                },
                {
                  "type": "origins:and",
                  "conditions": [
                    {
                      "type": "origins:swimming"
                    },
                    {
                      "type": "origins:in_block",
                      "block_condition": {
                        "type": "origins:block",
                        "block": "minecraft:sculk"
                      }
                    }
                  ]
                }
              ]
            }
          },
          {
            "type": "origins:gamemode",
            "gamemode": "spectator",
            "inverted": true
          }
        ]
      },
      "if_action": {
        "type": "origins:execute_command",
        "command": "particle minecraft:block sculk ~ ~2.3 ~ 0.1 0.05 0.1 1 1 normal"
      }
    },
    "interval": 1
  },
  "invulnerability": {
    "type": "origins:invulnerability",
    "damage_condition": {
      "type": "origins:name",
      "name": "inWall"
    },
    "condition": {
      "type": "origins:in_block_anywhere",
      "block_condition": {
        "type": "origins:block",
        "block": "minecraft:sculk"
      },
      "comparison": ">=",
      "compare_to": 1
    }
  },
  "climbing": {
    "type": "origins:climbing",
    "condition": {
      "type": "origins:and",
      "conditions": [
        {
          "type": "origins:in_block_anywhere",
          "block_condition": {
            "type": "origins:block",
            "block": "minecraft:sculk_vein"
          },
          "comparison": ">=",
          "compare_to": 1
        },
        {
          "type": "origins:or",
          "conditions": [
            {
              "type": "origins:block_collision",
              "offset_x": 0.1,
              "offset_y": 0,
              "offset_z": 0
            },
            {
              "type": "origins:block_collision",
              "offset_x": -0.1,
              "offset_y": 0,
              "offset_z": 0
            },
            {
              "type": "origins:block_collision",
              "offset_x": 0,
              "offset_y": 0,
              "offset_z": 0.1
            },
            {
              "type": "origins:block_collision",
              "offset_x": 0,
              "offset_y": 0,
              "offset_z": -0.1
            },
            {
              "type": "origins:block_collision",
              "offset_x": 0,
              "offset_y": 0.1,
              "offset_z": 0
            }
          ]
        }
      ]
    }
  },
  "action_over_time": {
    "type": "origins:action_over_time",
    "rising_action": {
      "type": "origins:and",
      "actions": [
        {
          "type": "origins:spawn_particles",
          "particle": {
            "type": "minecraft:block",
            "params": "minecraft:sculk"
          },
          "count": 32,
          "speed": 0.0,
          "offset_y": 0,
          "force": true,
          "spread": {
            "x": 0.6,
            "y": 0.6,
            "z": 0.6
          }
        },
        {
          "type": "origins:play_sound",
          "sound": "minecraft:block.sculk.break",
          "pitch": 0,
          "volume": 2
        }
      ]
    },
    "falling_action": {
      "type": "origins:and",
      "actions": [
        {
          "type": "origins:spawn_particles",
          "particle": {
            "type": "minecraft:block",
            "params": "minecraft:sculk"
          },
          "count": 32,
          "speed": 0.0,
          "offset_y": 0,
          "force": true,
          "spread": {
            "x": 0.6,
            "y": 0.6,
            "z": 0.6
          }
        },
        {
          "type": "origins:play_sound",
          "sound": "minecraft:block.sculk.break",
          "pitch": 0,
          "volume": 2
        }
      ]
    },
    "interval": 1,
    "condition": {
      "type": "origins:in_block",
      "block_condition": {
        "type": "origins:block",
        "block": "minecraft:sculk"
      }
    }
  },
  "sculk_speed": {
    "type": "origins:conditioned_attribute",
    "modifier": {
      "attribute": "minecraft:generic.movement_speed",
      "operation": "addition",
      "value": 0.03
    },
    "tick_rate": 5,
    "condition": {
      "type": "origins:on_block",
      "block_condition": {
        "type": "origins:block",
        "block": "minecraft:sculk"
      }
    }
  },
  "vein_speed": {
    "type": "origins:conditioned_attribute",
    "modifier": {
      "attribute": "minecraft:generic.movement_speed",
      "operation": "addition",
      "value": 0.015
    },
    "tick_rate": 5,
    "condition": {
      "type": "origins:in_block",
      "block_condition": {
        "type": "origins:block",
        "block": "minecraft:sculk_vein"
      }
    }
  },
  "name": "Similar Substance",
  "description": "Being made of just about the same stuff as the Sculk itself, you can merge with it for easy travel.",
  "badges": [
    {
      "sprite": "origins:textures/gui/badge/toggle.png",
      "text": "Press %s to toggle this ability!"
    },
    {
      "sprite": "origins:textures/gui/badge/info.png",
      "text": "You can phase into and swim in Sculk, but cannot breathe while in it."
    },
    {
      "sprite": "origins:textures/gui/badge/star.png",
      "text": "You will also move faster while on top of Sculk, veins included, along with climbing veins!"
    }
  ]
}
