{
  "type": "origins:multiple",
  "current": {
    "type": "origins:resource",
    "min": 0,
    "max": 5,
    "hud_render": {
      "should_render": false
    }
  },
  "change": {
    "type": "origins:action_on_entity_use",
    "bientity_action": {
      "type": "origins:if_else_list",
      "actions": [
        {
          "condition": {
            "type": "origins:target_condition",
            "condition": {
              "type": "origins:entity_type",
              "entity_type": "minecraft:chicken"
            }
          },
          "action": {
            "type": "origins:actor_action",
            "action": {
              "type": "origins:change_resource",
              "resource": "*:*_current",
              "change": 1,
              "operation": "set"
            }
          }
        },
        {
          "condition": {
            "type": "origins:target_condition",
            "condition": {
              "type": "origins:entity_type",
              "entity_type": "minecraft:spider"
            }
          },
          "action": {
            "type": "origins:actor_action",
            "action": {
              "type": "origins:change_resource",
              "resource": "*:*_current",
              "change": 2,
              "operation": "set"
            }
          }
        },
        {
          "condition": {
            "type": "origins:target_condition",
            "condition": {
              "type": "origins:entity_type",
              "entity_type": "minecraft:blaze"
            }
          },
          "action": {
            "type": "origins:actor_action",
            "action": {
              "type": "origins:change_resource",
              "resource": "*:*_current",
              "change": 3,
              "operation": "set"
            }
          }
        },
        {
          "condition": {
            "type": "origins:target_condition",
            "condition": {
              "type": "origins:entity_type",
              "entity_type": "minecraft:enderman"
            }
          },
          "action": {
            "type": "origins:actor_action",
            "action": {
              "type": "origins:change_resource",
              "resource": "*:*_current",
              "change": 4,
              "operation": "set"
            }
          }
        },
        {
          "condition": {
            "type": "origins:target_condition",
            "condition": {
              "type": "origins:entity_type",
              "entity_type": "minecraft:cat"
            }
          },
          "action": {
            "type": "origins:actor_action",
            "action": {
              "type": "origins:change_resource",
              "resource": "*:*_current",
              "change": 5,
              "operation": "set"
            }
          }
        }
      ]
    }
  },
  "toggle": {
    "type": "origins:toggle",
    "key": {
      "key": "key.origins.primary_active",
      "continuous": false
    }
  },
  "avian": {
    "type": "apoli:modify_falling",
    "velocity": 0.01,
    "take_fall_damage": false,
    "condition": {
      "type": "origins:and",
      "conditions": [
        {
          "type": "origins:resource",
          "resource": "*:*_current",
          "comparison": "==",
          "compare_to": 1
        },
        {
          "type": "origins:or",
          "conditions": [
            {
              "type": "origins:and",
              "conditions": [
                {
                  "type": "origins:sneaking"
                },
                {
                  "type": "origins:fall_flying"
                }
              ]
            },
            {
              "type": "origins:and",
              "conditions": [
                {
                  "type": "origins:sneaking",
                  "inverted": true
                },
                {
                  "type": "origins:fall_flying",
                  "inverted": true
                }
              ]
            }
          ]
        }
      ]
    }
  },
  "arachnid": {
    "type": "origins:climbing",
    "hold_condition": {
      "type": "origins:and",
      "conditions": [
        {
          "type": "origins:or",
          "conditions": [
            {
              "type": "origins:block_collision",
              "offset_x": 0.01,
              "offset_z": 0.01,
              "offset_y": 0
            },
            {
              "type": "origins:block_collision",
              "offset_x": -0.01,
              "offset_z": -0.01,
              "offset_y": 0
            }
          ]
        },
        {
          "type": "origins:power_active",
          "power": "*:*_toggle"
        }
      ]
    },
    "condition": {
      "type": "origins:and",
      "conditions": [
        {
          "type": "origins:resource",
          "resource": "*:*_current",
          "comparison": "==",
          "compare_to": 2
        },
        {
          "type": "origins:collided_horizontally"
        },
        {
          "type": "origins:power_active",
          "power": "*:*_toggle"
        }
      ]
    }
  },
  "blazeborn": {
    "type": "origins:modify_damage_dealt",
    "condition": {
      "type": "origins:and",
      "conditions": [
        {
          "type": "origins:on_fire"
        },
        {
          "type": "origins:resource",
          "resource": "*:*_current",
          "comparison": "==",
          "compare_to": 3
        }
      ]
    },
    "modifier": {
      "name": "Additional damage while on fire",
      "value": 3,
      "operation": "addition"
    }
  },
  "enderian": {
    "type": "origins:fire_projectile",
    "cooldown": 30,
    "hud_render": {
      "sprite_location": "origins:textures/gui/resource_bar.png",
      "bar_index": 6
    },
    "condition": {
      "type": "origins:resource",
      "resource": "*:*_current",
      "comparison": "==",
      "compare_to": 4
    },
    "entity_type": "origins:enderian_pearl",
    "sound": "minecraft:entity.ender_pearl.throw",
    "speed": 1.5,
    "divergence": 1,
    "key": {
      "key": "key.origins.primary_active",
      "continuous": false
    }
  },
  "feline": {
    "type": "origins:modify_jump",
    "modifier": {
      "name": "Bonus jump force while sprinting",
      "value": 0.5,
      "operation": "multiply_base"
    },
    "condition": {
      "type": "origins:and",
      "conditions": [
        {
          "type": "origins:sprinting"
        },
        {
          "type": "origins:resource",
          "resource": "*:*_current",
          "comparison": "==",
          "compare_to": 5
        }
      ]
    }
  },
  "name": "Copycat",
  "description": "Copy several types of mobs abilities simply by right clicking them."
}