{
  "type": "origins:multiple",
  "fallspeed": {
    "type": "origins:modify_falling",
    "velocity": 0.04,
    "take_fall_damage": false,
    "condition": {
      "type": "origins:daytime",
      "inverted": true
    }
  },
  "jump": {
    "type": "origins:modify_jump",
    "modifier": {
      "operation": "addition",
      "value": 0.4
    },
    "condition": {
      "type": "origins:daytime",
      "inverted": true
    }
  },
  "name": "Gravitation",
  "description": "The gravity of the Earth is less taxing upon you at night."
}