{
    "type": "origins:multiple",
    "glide": {
        "type": "origins:resource",
        "min": 0,
        "max": 1,
        "hud_render": {
            "should_render": false
        }
    },
    "hover_duration": {
        "type": "origins:cooldown",
        "cooldown": 90,
        "hud_render": {
            "should_render": false
        }
    },
    "launch_effects": {
        "type": "origins:active_self",
        "cooldown": 240,
        "hud_render": {
            "sprite_location": "origins:textures/gui/community/huang/resource_bar_01.png",
            "bar_index": 3,
            "should_render": true
        },
        "entity_action": {
            "type": "origins:and",
            "actions": [
                {
                    "type": "origins:play_sound",
                    "sound": "minecraft:entity.blaze.shoot",
                    "volume": 0.6,
                    "pitch": 2
                },
                {
                    "type": "origins:play_sound",
                    "sound": "minecraft:block.enchantment_table.use",
                    "volume": 0.6,
                    "pitch": 1.45
                },
                {
                    "type": "origins:execute_command",
                    "command": "particle minecraft:poof ~ ~ ~ 0.6 0.02 0.6 0.1 10"
                },
                {
                    "type": "origins:add_velocity",
                    "set": true,
                    "space": "world",
                    "y": 0.05
                },
                {
                    "type": "origins:delay",
                    "ticks": 1,
                    "action": {
                        "type": "origins:add_velocity",
                        "set": true,
                        "space": "world",
                        "y": 1.55
                    }
                },
                {
                    "type": "origins:delay",
                    "ticks": 3,
                    "action": {
                        "type": "origins:change_resource",
                        "resource": "*:*_glide",
                        "operation": "set",
                        "change": 1
                    }
                },
                {
                    "type": "origins:trigger_cooldown",
                    "power": "*:*_hover_duration"
                }
            ]
        },
        "key": {
            "key": "key.origins.primary_active",
            "continuous": true
        }
    },
    "hover": {
        "type": "origins:modify_falling",
        "velocity": 0,
        "take_fall_damage": false,
        "condition": {
            "type": "origins:and",
            "conditions": [
                {
                    "type": "origins:resource",
                    "resource": "*:*_hover_duration",
                    "comparison": "!=",
                    "compare_to": 0
                },
                {
                    "type": "origins:resource",
                    "resource": "*:*_glide",
                    "comparison": "==",
                    "compare_to": 1
                },
                {
                    "type": "origins:sneaking",
                    "inverted": true
                }
            ]
        }
    },
    "glide_fall": {
        "type": "origins:modify_falling",
        "velocity": 0.025,
        "take_fall_damage": false,
        "condition": {
            "type": "origins:and",
            "conditions": [
                {
                    "type": "origins:resource",
                    "resource": "*:*_hover_duration",
                    "comparison": "==",
                    "compare_to": 0
                },
                {
                    "type": "origins:resource",
                    "resource": "*:*_glide",
                    "comparison": "==",
                    "compare_to": 1
                },
                {
                    "type": "origins:sneaking",
                    "inverted": true
                }
            ]
        }
    },
    "hover_speed": {
        "type": "origins:modify_velocity",
        "axes": [
            "x",
            "z"
        ],
        "modifier": {
            "operation": "multiply_total",
            "value": 0.45
        },
        "condition": {
            "type": "origins:and",
            "conditions": [
                {
                    "type": "origins:resource",
                    "resource": "*:*_hover_duration",
                    "comparison": "!=",
                    "compare_to": 0
                },
                {
                    "type": "origins:resource",
                    "resource": "*:*_glide",
                    "comparison": "==",
                    "compare_to": 1
                }
            ]
        }
    },
    "glide_speed": {
        "type": "origins:modify_velocity",
        "axes": [
            "x",
            "z"
        ],
        "modifier": {
            "operation": "multiply_total",
            "value": 0.15
        },
        "condition": {
            "type": "origins:and",
            "conditions": [
                {
                    "type": "origins:resource",
                    "resource": "*:*_hover_duration",
                    "comparison": "==",
                    "compare_to": 0
                },
                {
                    "type": "origins:resource",
                    "resource": "*:*_glide",
                    "comparison": "==",
                    "compare_to": 1
                }
            ]
        }
    },
    "glide_immune": {
        "type": "origins:invulnerability",
        "damage_condition": {
            "type": "origins:from_falling"
        },
        "condition": {
            "type": "origins:resource",
            "resource": "*:*_glide",
            "comparison": "==",
            "compare_to": 1
        }
    },
    "glide_reset": {
        "type": "origins:action_over_time",
        "interval": 1,
        "rising_action": {
            "type": "origins:change_resource",
            "resource": "*:*_glide",
            "operation": "set",
            "change": 0
        },
        "condition": {
            "type": "origins:and",
            "conditions": [
                {
                    "type": "origins:resource",
                    "resource": "*:*_glide",
                    "comparison": "==",
                    "compare_to": 1
                },
                {
                    "type": "origins:on_block"
                }
            ]
        }
    },
    "hover_energy_swirl": {
        "type": "apugli:energy_swirl",
        "texture_location": "minecraft:textures/block/glowstone.png",
        "speed": 0.075,
        "size": 1.1,
        "condition": {
            "type": "origins:and",
            "conditions": [
                {
                    "type": "origins:resource",
                    "resource": "*:*_hover_duration",
                    "comparison": "!=",
                    "compare_to": 0
                },
                {
                    "type": "origins:resource",
                    "resource": "*:*_glide",
                    "comparison": "==",
                    "compare_to": 1
                }
            ]
        }
    },
    "glide_energy_swirl": {
        "type": "apugli:energy_swirl",
        "texture_location": "minecraft:textures/block/glowstone.png",
        "speed": 0.015,
        "size": 1,
        "condition": {
            "type": "origins:and",
            "conditions": [
                {
                    "type": "origins:resource",
                    "resource": "*:*_hover_duration",
                    "comparison": "==",
                    "compare_to": 0
                },
                {
                    "type": "origins:resource",
                    "resource": "*:*_glide",
                    "comparison": "==",
                    "compare_to": 1
                }
            ]
        }
    },
    "name": "Luminant Glide",
    "description": "You are able to launch up into the air, and will slowly glide until you reach the ground.",
    "badges": [
        {
            "type": "origins:tooltip",
            "sprite": "origins:textures/gui/badge/active.png",
            "text": ["Active ability, use with [", {"keybind": "key.origins.primary_active"}, "]."]
        },
        {
            "type": "origins:tooltip",
            "sprite": "origins:textures/gui/badge/info.png",
            "text": ["Hold [", {"keybind": "key.sneak"}, "] to fall faster. 12 second cooldown."]
        }
    ]
}