{
    "type": "origins:multiple",
    "light": {
        "type": "origins:action_over_time",
        "interval": 1,
        "entity_action": {
            "type": "origins:and",
            "actions": [
                {
                    "type": "origins:execute_command",
                    "command": "fill ~3 ~-2 ~3 ~-3 ~4 ~-3 air replace light[level=7,waterlogged=false]"
                },
                {
                    "type": "origins:execute_command",
                    "command": "fill ~ ~1 ~ ~ ~1 ~ light[level=7,waterlogged=false] replace air"
                },
                {
                    "type": "origins:execute_command",
                    "command": "fill ~3 ~-2 ~3 ~-3 ~4 ~-3 water[level=0] replace light[level=7,waterlogged=true]"
                },
                {
                    "type": "origins:execute_command",
                    "command": "fill ~ ~1 ~ ~ ~1 ~ light[level=7,waterlogged=true] replace water[level=0]"
                }
            ]
        },
        "condition": {
            "type": "origins:health",
            "comparison": ">",
            "compare_to": 0
        }
    },
    "disconnect": {
        "type": "origins:action_on_callback",
        "entity_action_removed": {
            "type": "origins:and",
            "actions": [
                {
                    "type": "origins:execute_command",
                    "command": "fill ~2 ~-1 ~2 ~-2 ~3 ~-2 air replace light[level=7,waterlogged=false]"
                },
                {
                    "type": "origins:execute_command",
                    "command": "fill ~2 ~-1 ~2 ~-2 ~3 ~-2 water[level=0] replace light[level=7,waterlogged=true]"
                }
            ]
        }
    },
    "name": "Luminant",
    "description": "You light up the area around you."
}