{
    "type": "origins:multiple",
    "size": {
        "type": "origins:action_over_time",
        "interval": 20,
        "rising_action": {
            "type": "origins:and",
            "actions": [
                {
                    "type": "origins:execute_command",
                    "command": "scale set pehkui:height 0.5 @s"
                },
                {
                    "type": "origins:execute_command",
                    "command": "scale set pehkui:width 0.5 @s"
                }
            ]
        },
        "falling_action": {
            "type": "origins:and",
            "actions": [
                {
                    "type": "origins:execute_command",
                    "command": "scale set pehkui:height 1.5 @s"
                },
                {
                    "type": "origins:execute_command",
                    "command": "scale set pehkui:width 1.5 @s"
                }
            ]
        },
        "condition": {
            "type": "origins:daytime"
        }
    },
    "switch": {
        "type": "origins:action_on_callback",
        "entity_action_added": {
            "type": "origins:if_else",
            "if_action": {
                "type": "origins:and",
                "actions": [
                    {
                        "type": "origins:execute_command",
                        "command": "scale set pehkui:height 0.5 @s"
                    },
                    {
                        "type": "origins:execute_command",
                        "command": "scale set pehkui:width 0.5 @s"
                    }
                ]
            },
            "else_action": {
                "type": "origins:and",
                "actions": [
                    {
                        "type": "origins:execute_command",
                        "command": "scale set pehkui:height 1.5 @s"
                    },
                    {
                        "type": "origins:execute_command",
                        "command": "scale set pehkui:width 1.5 @s"
                    }
                ]
            },
            "condition": {
                "type": "origins:daytime"
            }
        },
        "entity_action_lost": {
            "type": "origins:execute_command",
            "command": "scale reset @s"
        }
    },
    "name": "Starlight",
    "description": "You're smaller during the day, but larger at night."
}