{
	"type": "origins:active_self",
	"entity_action": {
		"type": "origins:and",
		"actions": [
      {
				"type": "origins:play_sound",
				"sound": "minecraft:entity.illusioner.mirror_move",
				"pitch": 1.25,
				"volume": 1
			},
			{
				"type": "origins:spawn_particles",
				"particle": {
					"type": "minecraft:campfire_cosy_smoke"
				},
				"count": 30,
				"speed": 0.05,
				"spread": {
					"x": 0.2,
					"y": 0.4,
					"z": 0.2
				}
			},
			{
				"type": "origins:apply_effect",
				"effect": {
					"effect": "minecraft:invisibility",
					"duration": 300
				}
			}
		]
	},
	"cooldown": 600,
	"condition": {
		"type": "origins:sneaking"
	},
	"hud_render": {
    "should_render": true,
		"sprite_location": "origins:textures/gui/community/spiderkolo/resource_bar_03.png",
		"bar_index": 14
	},
	"badges": [
		{
			"sprite": "origins:textures/gui/badge/active.png",
			"text": "Use with %s while sneaking."
		}
	],
	"key": {
		"key": "key.origins.secondary_active"
	},
	"name": "Mischievous Mist",
	"description": "You can disappear in a mist for a short time."
}