{
	"type": "origins:active_self",
	"entity_action": {
		"type": "origins:and",
		"actions": [
      {
				"type": "origins:play_sound",
				"sound": "minecraft:entity.ghast.shoot",
				"pitch": 1.25,
				"volume": 1
			},
			{
        "type": "origins:spawn_entity",
        "entity_type": "minecraft:tnt",
        "tag": "{Fuse:40}",
        "entity_action": {
          "type": "origins:add_velocity",
          "y": 1
        }
			}
		]
	},
	"cooldown": 400,
	"hud_render": {
    "should_render": true,
		"sprite_location": "origins:textures/gui/community/huang/resource_bar_02.png",
		"bar_index": 2
	},
	"key": {
		"key": "key.origins.primary_active"
	},
	"badges": [
		{
			"sprite": "origins:textures/gui/badge/active.png",
			"text": "Use with %s."
		}
	],
	"name": "Bomb Tosser",
	"description": "Throw a bomb into the air to quickly explode."
}