{
  "type": "origins:active_self",
  "entity_action": {
    "type": "origins:and",
    "actions": [
      {
        "type": "origins:apply_effect",
        "effects": [
          {
            "effect": "minecraft:strength",
            "duration": 200
          },
          {
            "effect": "minecraft:speed",
            "duration": 200
          },
          {
            "effect": "minecraft:resistance",
            "duration": 200
          },
          {
            "effect": "minecraft:regeneration",
            "duration": 200
          }
        ]
      },
      {
        "type": "origins:area_of_effect",
        "bientity_action": {
          "type": "origins:and",
          "actions": [
            {
              "type": "origins:add_velocity",
              "z": 1
            },
            {
              "type": "origins:target_action",
              "action": {
                "type": "origins:add_velocity",
                "y": 1
              }
            }
          ]
        },
        "radius": 5
      },
      {
        "type": "origins:execute_command",
        "command": "particle minecraft:flame ~ ~0.9 ~ 0.2 0.3 0.2 1 100 normal"
      },
      {
        "type": "origins:execute_command",
        "command": "particle minecraft:smoke ~ ~0.9 ~ 0.2 0.3 0.2 0.5 120 normal"
      },
      {
        "type": "origins:execute_command",
        "command": "particle minecraft:large_smoke ~ ~0.9 ~ 0.2 0.3 0.2 0.5 60 normal"
      },
      {
        "type": "origins:execute_command",
        "command": "particle minecraft:magma ~ ~0.9 ~ 0.2 0.3 0.2 1 40 normal"
      },
      {
        "type": "origins:execute_command",
        "command": "playsound minecraft:entity.illusioner.prepare_blindness master @s ~ ~ ~ 1 0.68"
      },
      {
        "type": "origins:execute_command",
        "command": "playsound minecraft:entity.warden.roar master @s ~ ~ ~ 1 1.5"
      },
      {
        "type": "origins:execute_command",
        "command": "playsound minecraft:entity.ender_dragon.growl master @s ~ ~ ~ 1 1.26"
      }
    ]
  },
  "condition": {
    "type": "origins:and",
    "conditions": [
      {
        "type": "origins:health",
        "comparison": "<=",
        "compare_to": 6
      },
      {
        "type": "origins:sneaking",
        "inverted": true
      }
    ]
  },
  "cooldown": 1200,
  "hud_render": {
    "should_render": true
  },
  "key": {
    "key": "key.origins.secondary_active"
  },
  "name": "Undying Determination",
  "description": "When your health is low, you can burst in a rage of fire, healing yourself whilst becoming stronger for a short time."
}