{
    "type": "origins:multiple",
    "toggle": {
        "type": "origins:toggle",
        "key": {
            "key": "key.origins.primary_active"
        }
    },
    "effect": {
        "type": "origins:action_over_time",
        "interval": 4,
        "entity_action": {
            "type": "origins:apply_effect",
            "effect": {
                "effect": "extraalchemy:piper",
                "amplifier": 0,
                "duration": 20,
                "show_particles": false
            }
        },
        "condition": {
            "type": "origins:power_active",
            "power": "*:*_toggle"
        }
    },
    "name": "Bond With Animals",
    "description": "You can attract nearby animals."
}