{
    "type": "origins:multiple",
    "effect_bonemeal": {
        "type": "origins:action_over_time",
        "interval": 50,
        "entity_action": {
            "type": "origins:block_action_at",
            "block_action": {
                "type": "eggolib:area_of_effect",
                "block_action": {
                    "type": "origins:if_else",
                    "condition": {
                        "type": "origins:in_tag",
                        "tag": "afterlife:crops"
                    },
                    "if_action": {
                        "type": "origins:chance",
                        "chance": 0.0175,
                        "action": {
                            "type": "origins:bonemeal"
                        }
                    }
                },
                "radius": 16
            }
        }
    },
    "effect_mobs": {
        "type": "origins:action_over_time",
        "interval": 100,
        "entity_action": {
            "type": "origins:area_of_effect",
            "radius": 16,
            "bientity_action": {
                "type": "origins:target_action",
                "action": {
                    "type": "origins:chance",
                    "chance": 0.04,
                    "action": {
                        "type": "origins:execute_command",
                        "command": "data modify entity @s Age set value 0"
                    }
                }
            },
            "bientity_condition": {
                "type": "origins:target_condition",
                "condition": {
                    "type": "origins:and",
                    "conditions": [
                        {
                            "type": "origins:in_tag",
                            "tag": "afterlife:baby_animals"
                        },
                        {
                            "type": "origins:command",
                            "command": "data get entity @s Age",
                            "comparison": "<",
                            "compare_to": 0
                        }
                    ]
                }
            }
        }
    },
    "name": "Growth Aura",
    "description": "Nearby crops and animals grow faster."
}