{
    "type": "origins:action_on_entity_use",
    "bientity_action": {
        "type": "origins:set_in_love"
    },
    "condition": {
        "type": "origins:sneaking"
    },
    "name": "Instigator",
    "description": "You can cause animals to breed without needing food.",
    "badges": [
        {
            "type": "origins:tooltip",
            "sprite": "origins:textures/gui/badge/active.png",
            "text": ["Active ability, use with [", {"keybind": "key.use"}, "] while sneaking."]
        },
        {
            "sprite": "origins:textures/gui/badge/info.png",
            "text": "Animals that are not yet ready to breed will still emit hearts."
        }
    ]
}