{
    "type": "origins:multiple",
    "toggle": {
        "type": "origins:toggle",
        "key": {
            "key": "key.origins.secondary_active"
        },
        "active_by_default": false
    },
    "night_vision": {
        "type": "origins:night_vision",
        "strength": 0.2,
        "condition": {
            "type": "origins:and",
            "conditions": [
                {
                    "type": "origins:submerged_in",
                    "fluid": "minecraft:water",
                    "inverted": true
                },
                {
                    "type": "origins:power_active",
                    "power": "*:*_toggle"
                }
            ]
        }
    },
    "glow": {
        "type": "origins:entity_glow",
        "bientity_condition": {
            "type": "origins:can_see"
        },
        "condition": {
            "type": "origins:power_active",
            "power": "*:*_toggle"
        }
    },
    "name": "Insect Vision",
    "description": "You can see better at night.",
    "badges": [
        {
            "type": "origins:tooltip",
            "sprite": "origins:textures/gui/badge/toggle.png",
            "text": ["Toggle true insect vision with [", {"keybind": "key.origins.secondary_active"}, "]."]
        }
    ]
}