{
    "type": "origins:multiple",
    "heal": {
        "type": "origins:action_over_time",
        "interval": 70,
        "entity_action": {
            "type": "origins:and",
            "actions": [
                {
                    "type": "origins:heal",
                    "amount": 1
                },
                {
                    "type": "origins:play_sound",
                    "sound": "minecraft:block.beehive.enter",
                    "pitch": 1.8,
                    "volume": 0.35
                },
                {
                    "type": "origins:play_sound",
                    "sound": "minecraft:entity.sheep.shear",
                    "pitch": 2,
                    "volume": 0.7
                }
            ]
        },
        "condition": {
            "type": "origins:and",
            "conditions": [
                {
                    "type": "origins:relative_health",
                    "comparison": "<",
                    "compare_to": 1
                },
                {
                    "type": "origins:block_in_radius",
                    "radius": 4,
                    "block_condition": {
                        "type": "origins:in_tag",
                        "tag": "minecraft:flowers"
                    },
                    "shape": "sphere"
                },
                {
                    "type": "origins:food_level",
                    "comparison": ">",
                    "compare_to": 0
                }
            ]
        }
    },
    "particles": {
        "type": "origins:action_over_time",
        "interval": 6,
        "entity_action": {
            "type": "origins:execute_command",
            "command": "particle minecraft:crimson_spore ~ ~ ~ 0.2 0.2 0.2 0 4"
        },
        "condition": {
            "type": "origins:and",
            "conditions": [
                {
                    "type": "origins:relative_health",
                    "comparison": "<",
                    "compare_to": 1
                },
                {
                    "type": "origins:block_in_radius",
                    "radius": 4,
                    "block_condition": {
                        "type": "origins:in_tag",
                        "tag": "minecraft:flowers"
                    },
                    "shape": "sphere"
                },
                {
                    "type": "origins:food_level",
                    "comparison": ">",
                    "compare_to": 0
                }
            ]
        }
    },
    "name": "Flower Power",
    "description": "You gradually restore health while nearby flowers."
}