{
    "type": "origins:multiple",
    "default": {
        "type": "origins:action_on_callback",
        "entity_action_chosen": {
            "type": "origins:and",
            "actions": [
                {
                    "type": "origins:execute_command",
                    "command": "scale delay set pehkui:height 0 @s"
                },
                {
                    "type": "origins:execute_command",
                    "command": "scale delay set pehkui:width 0 @s"
                },
                {
                    "type": "origins:execute_command",
                    "command": "scale delay set pehkui:jump_height 0 @s"
                },
                {
                    "type": "origins:execute_command",
                    "command": "scale delay set pehkui:step_height 0 @s"
                },
                {
                    "type": "origins:execute_command",
                    "command": "scale set pehkui:height 0.5 @s"
                },
                {
                    "type": "origins:execute_command",
                    "command": "scale set pehkui:width 0.5 @s"
                },
                {
                    "type": "origins:execute_command",
                    "command": "scale set pehkui:step_height 1.15 @s"
                },
                {
                    "type": "origins:execute_command",
                    "command": "scale persist set true @s"
                }
            ]
        },
        "entity_action_lost": {
            "type": "origins:execute_command",
            "command": "scale reset @s"
        }
    },
    "speed": {
        "type": "origins:attribute",
        "modifier": {
            "attribute": "minecraft:generic.movement_speed",
            "operation": "multiply_base",
            "value": -0.25
        }
    },
    "jump": {
        "type": "origins:action_over_time",
        "interval": 2,
        "rising_action": {
            "type": "origins:execute_command",
            "command": "scale set pehkui:jump_height 1 @s"
        },
        "falling_action": {
            "type": "origins:execute_command",
            "command": "scale set pehkui:jump_height 1.25 @s"
        },
        "condition": {
            "type": "origins:sneaking"
        }
    },
    "name": "Tiny",
    "description": "You're half as tall as the average person."
}