{
    "type": "origins:modify_damage_taken",
    "modifier": {
        "operation": "addition",
        "value": 2
    },
    "bientity_condition": {
        "type": "origins:actor_condition",
        "condition": {
            "type": "origins:entity_group",
            "group": "arthropod"
        }
    },
    "self_action": {
        "type": "origins:and",
        "actions": [
            {
                "type": "origins:play_sound",
                "sound": "minecraft:item.shield.break",
                "pitch": 2,
                "volume": 0.5
            },
            {
                "type": "origins:play_sound",
                "sound": "minecraft:entity.bee.hurt",
                "pitch": 1.45,
                "volume": 0.25
            }
        ]
    },
    "name": "Baneful Arthropods",
    "description": "Arthropods deal more damage to you."
}