{
	"type": "origins:multiple",
    "name": "Happiness",
    "badges": [
        {
            "type": "origins:tooltip",
            "sprite": "origins:textures/gui/badge/info.png",
            "text": "Being 15 blocks or closter to sheep triggers happiness. Being more than 15 blocks away from them triggers discomfort."
        }
    ],
    "description": "Being near sheep makes you happy! This gives you regeneration and speed one.",
	"regen": {
		"type": "origins:action_over_time",
		"interval": 20,
		"entity_action": {
			"type": "origins:heal",
			"amount": 1
		},
		"condition": {
			"type": "apugli:entity_in_radius",
			"condition": {
				"type": "apoli:entity_type",
				"entity_type": "minecraft:sheep"
			},
			"radius": 15.0,
			"comparison": ">=",
			"compare_to": 1
		}
	},
	"speed": {
		"type": "origins:conditioned_attribute",
		"modifier": {
			"attribute": "minecraft:generic.movement_speed",
			"value": 0.15,
			"operation": "multiply_total"
		},
		"tick_rate": 1,
		"condition": {
			"type": "apugli:entity_in_radius",
			"condition": {
				"type": "apoli:entity_type",
				"entity_type": "minecraft:sheep"
			},
			"radius": 15.0,
			"comparison": ">=",
			"compare_to": 1
		}
	}
}