{
    "type": "origins:multiple",
    "exhaust": {
        "type": "origins:modify_exhaustion",
        "modifier": {
          "value": 0.3,
          "operation": "multiply_base"
        },
        "condition": {
            "type": "apugli:entity_in_radius",
            "condition": {
                "type": "apoli:entity_type",
                "entity_type": "minecraft:sheep"
            },
            "radius": 15.0,
            "comparison": ">=",
            "compare_to": 1,
            "inverted": true
        }
      },
      "slowness": {
        "type": "origins:conditioned_attribute",
        "modifier": {
			"attribute": "minecraft:generic.movement_speed",
			"value": -0.15,
			"operation": "multiply_total"
        },
        "tick_rate": 1,
        "condition": {
            "type": "apugli:entity_in_radius",
            "condition": {
                "type": "apoli:entity_type",
                "entity_type": "minecraft:sheep"
            },
            "radius": 15.0,
            "comparison": ">=",
            "compare_to": 1,
            "inverted": true
        }
    },
    "name": "Discomfort",
    "description": "Being away from sheep makes you sad, you experience discomfort and become slower and more hungry."
}