{
	"type": "origins:multiple",
	"name": "Invisibilty",
	"description": "You can shift into an undetectable form for a limited amount of time.",
	"badges": [

		{
			"type": "origins:keybind",
			"sprite": "origins:textures/gui/badge/active.png",
			"text": "Using %s will activate this form"
		},
		{
			"type": "origins:tooltip",
			"sprite": "origins:textures/gui/badge/info.png",
			"text": "You become invisible for 10 seconds. After that, you must wait 90 seconds to use the power again."
		}
	],
	"invisibility": {
		"type": "origins:invisibility",
		"render_armor": false,
		"condition": {
			"type": "origins:resource",
			"compare_to": 0,
			"comparison": "!=",
			"resource": "*:*_resource"
		}
	},
	"resource": {
		"type": "origins:cooldown",
		"cooldown": 200,
		"hud_render": {
			"bar_index": 0,
			"condition": {
				"type": "origins:resource",
				"compare_to": 0,
				"comparison": "!=",
				"resource": "*:*_trigger"
			},
			"should_render": true,
			"sprite_location": "origins:textures/gui/community/huang/resource_bar_02.png"
		}
	},
	"trigger": {
		"type": "origins:active_self",
		"entity_action": {
			"type": "origins:trigger_cooldown",
			"power": "*:*_resource"
		},
		"condition": {
			"type": "origins:resource",
			"compare_to": 0,
			"comparison": "==",
			"resource": "*:*_resource"
		},
		"cooldown": 2000,
		"hud_render": {
			"should_render": true,
			"condition": {
				"type": "origins:resource",
				"compare_to": 0,
				"comparison": "==",
				"resource": "*:*_resource"
			},
			"bar_index": 1,
			"sprite_location": "origins:textures/gui/community/huang/resource_bar_01.png"
		}
	}
}