{
	"type": "origins:multiple",
	"phasing": {
		"type": "origins:phasing",
		"block_condition": {
			"type": "origins:in_tag",
			"tag": "minecraft:leaves"
		},
		"render_type": "none",
		"phase_down_condition": {
			"type": "origins:and",
			"conditions": [
				{
					"type": "origins:sneaking"
				},
				{
					"type": "origins:on_block"
				}
			]
		},
		"condition": {
			"type": "origins:power_active",
			"power": "*:*_toggle"
		}
	},
	"toggle": {
		"type": "origins:toggle"
	},
	"name": "Leafy",
	"description": "You can move freely through foliage."
}