{
    "type": "origins:action_on_block_break",
    "block_condition": {
        "type": "origins:in_tag",
        "tag": "minecraft:logs"
    },
    "entity_action": {
        "type": "origins:apply_effect",
        "effects": [
            {
                "effect": "minecraft:slowness",
                "amplifier": 1,
                "duration": 140
            },
            {
                "effect": "minecraft:mining_fatigue",
                "amplifier": 1,
                "duration": 140
            }
        ]
    },
    "name": "Tree Hugger",
    "description": "Chopping trees causes fatigue."
}