{
    "type": "origins:multiple",
    "grace_timer": {
        "type": "origins:cooldown",
        "cooldown": 30,
        "hud_render": {
            "should_render": false
        }
    },
    "grace_reset": {
        "type": "origins:action_over_time",
        "interval": 2,
        "entity_action": {
            "type": "origins:trigger_cooldown",
            "power": "*:*_grace_timer"
        },
        "condition": {
            "type": "origins:on_block",
            "block_condition": {
                "type": "origins:in_tag",
                "tag": "afterlife:dirt"
            }
        }
    },
    "speed": {
        "type": "origins:conditioned_attribute",
        "tick_rate": 2,
        "modifier": {
            "attribute": "minecraft:generic.movement_speed",
            "operation": "multiply_base",
            "value": 0.3
        },
        "condition": {
            "type": "origins:resource",
            "resource": "*:*_grace_timer",
            "comparison": ">",
            "compare_to": 0
        }
    },
    "regen": {
        "type": "origins:action_over_time",
        "interval": 60,
        "entity_action": {
            "type": "origins:heal",
            "amount": 1
        },
        "condition": {
            "type": "origins:and",
            "conditions": [
                {
                    "type": "origins:on_block",
                    "block_condition": {
                        "type": "origins:in_tag",
                        "tag": "afterlife:dirt"
                    }
                },
                {
                    "type": "origins:food_level",
                    "comparison": ">",
                    "compare_to": 0
                },
                {
                    "type": "origins:relative_health",
                    "comparison": "<",
                    "compare_to": 1
                }
            ]
        }
    },
    "name": "Rooted",
    "description": "You move faster and slowly regenerate while on grass or dirt."
}