{
    "type": "origins:action_on_callback",
    "entity_action_chosen": {
        "type": "origins:and",
        "actions": [
            {
                "type": "origins:execute_command",
                "command": "scale set pehkui:height 1.3 @s"
            },
            {
                "type": "origins:execute_command",
                "command": "scale set pehkui:width 1.3 @s"
            },
            {
                "type": "origins:execute_command",
                "command": "scale set pehkui:jump_height 1.05 @s"
            },
            {
                "type": "origins:execute_command",
                "command": "scale persist set true @s"
            }
        ]
    },
    "entity_action_lost": {
        "type": "origins:execute_command",
        "command": "scale reset @s"
    },
    "name": "Large",
    "description": "You are noticeably larger than the average person."
}