{
  "type": "origins:multiple",
  "loot_table": {
    "type": "origins:replace_loot_table",
    "replace": {
      "minecraft:blocks/gravel": "afterlife:gravel"
    },
    "condition": {
      "type": "origins:power_active",
      "power": "*:*_toggle"
    }
  },
  "toggle": {
    "type": "origins:toggle",
    "active_by_default": false,
    "key": {
      "key": "key.origins.primary_active"
    }
  },
  "visual": {
    "type": "origins:resource",
    "min": 0,
    "max": 1,
    "start_value": 1,
    "hud_render": {
      "should_render": true,
      "sprite_location": "origins:textures/gui/community/spiderkolo/resource_bar_02.png",
      "bar_index": 5,
      "condition": {
        "type": "origins:power_active",
        "power": "*:*_toggle"
      }
    }
  },
  "badges": [
    {
      "sprite": "origins:textures/gui/badge/info.png",
      "text": "When this ability is toggled, gravel will not drop when broken and you will instead have a chance to find other loot."
    },
    {
      "sprite": "origins:textures/gui/badge/toggle.png",
      "text": "Toggle with %s."
    }
  ],
  "name": "Archaeology",
  "description": "From trash to treasure, you can find anything in the dust of times long past."
}