{
  "type": "origins:modify_damage_taken",
  "modifier": {
    "operation": "multiply_total",
    "value": 1
  },
  "bientity_condition": {
    "type": "origins:actor_condition",
    "condition": {
      "type": "origins:entity_group",
      "group": "arthropod"
    }
  },
  "badges": [
    {
      "sprite": "origins:textures/gui/badge/info.png",
      "text": "You take double damage from athropods."
    }
  ],
  "name": "Entomophobia",
  "description": "Days of looking underground is sure to put the fear of bugs in anyone."
}