{
  "type": "origins:multiple",
  "conditioned_attribute": {
    "type": "origins:conditioned_attribute",
    "modifiers": [
      {
        "attribute": "minecraft:generic.armor",
        "operation": "addition",
        "value": 8
      },
      {
        "attribute": "minecraft:generic.movement_speed",
        "operation": "multiply_base",
        "value": 0.25
      },
      {
        "attribute": "minecraft:generic.luck",
        "operation": "addition",
        "value": 1
      }
    ],
    "tick_rate": 2,
    "condition": {
      "type": "origins:and",
      "conditions": [
        {
          "type": "origins:equipped_item",
          "equipment_slot": "head",
          "item_condition": {
            "type": "origins:ingredient",
            "ingredient": {
              "item": "minecraft:leather_helmet"
            }
          }
        },
        {
          "type": "origins:equipped_item",
          "equipment_slot": "chest",
          "item_condition": {
            "type": "origins:ingredient",
            "ingredient": {
              "item": "minecraft:leather_chestplate"
            }
          }
        },
        {
          "type": "origins:equipped_item",
          "equipment_slot": "legs",
          "item_condition": {
            "type": "origins:ingredient",
            "ingredient": {
              "item": "minecraft:leather_leggings"
            }
          }
        },
        {
          "type": "origins:equipped_item",
          "equipment_slot": "feet",
          "item_condition": {
            "type": "origins:ingredient",
            "ingredient": {
              "item": "minecraft:leather_boots"
            }
          }
        }
      ]
    }
  },
  "tooltip": {
    "type": "origins:tooltip",
    "item_condition": {
      "type": "origins:or",
      "conditions": [
        {
          "type": "origins:ingredient",
          "ingredient": {
            "item": "minecraft:leather_helmet"
          }
        },
        {
          "type": "origins:ingredient",
          "ingredient": {
            "item": "minecraft:leather_chestplate"
          }
        },
        {
          "type": "origins:ingredient",
          "ingredient": {
            "item": "minecraft:leather_leggings"
          }
        },
        {
          "type": "origins:ingredient",
          "ingredient": {
            "item": "minecraft:leather_boots"
          }
        }
      ]
    },
    "texts": [
      {
        "text": " "
      },
      {
        "text": "Set Bonus:",
        "color": "yellow"
      },
      {
        "text": "+8 Armor",
        "color": "blue"
      },
      {
        "text": "+25% Movement Speed",
        "color": "blue"
      },
      {
        "text": "+1 Luck",
        "color": "blue"
      }
    ]
  },
  "badges": [
    {
      "sprite": "origins:textures/gui/badge/star.png",
      "text": "Read the tooltip on leather armor to see the bonuses."
    }
  ],
  "name": "Favorable Fashion",
  "description": "Wearing a full set of leather armor results in a set bonus."
}