{
  "type": "origins:action_over_time",
  "entity_action": {
    "type": "origins:apply_effect",
    "effect": {
      "effect": "minecraft:mining_fatigue",
      "show_particles": false,
      "show_icon": false,
      "duration": 40,
      "amplifier": 1
    }
  },
  "interval": 20,
  "condition": {
    "type": "origins:or",
    "conditions": [
      {
        "type": "origins:predicate",
        "predicate": "afterlife:ancient_city"
      },
      {
        "type": "origins:predicate",
        "predicate": "afterlife:bastion_remnant"
      },
      {
        "type": "origins:predicate",
        "predicate": "afterlife:desert_pyramid"
      },
      {
        "type": "origins:predicate",
        "predicate": "afterlife:end_city"
      },
      {
        "type": "origins:predicate",
        "predicate": "afterlife:fortress"
      },
      {
        "type": "origins:predicate",
        "predicate": "afterlife:jungle_pyramid"
      },
      {
        "type": "origins:predicate",
        "predicate": "afterlife:monument"
      },
      {
        "type": "origins:predicate",
        "predicate": "afterlife:ocean_ruin_cold"
      },
      {
        "type": "origins:predicate",
        "predicate": "afterlife:ocean_ruin_warm"
      },
      {
        "type": "origins:predicate",
        "predicate": "afterlife:shipwreck_beached"
      },
      {
        "type": "origins:predicate",
        "predicate": "afterlife:shipwreck"
      },
      {
        "type": "origins:predicate",
        "predicate": "afterlife:stronghold"
      }
    ]
  },
  "badges": [
    {
      "sprite": "origins:textures/gui/badge/info.png",
      "text": "You mine much slower in ancient structures."
    }
  ],
  "name": "Sacred Respect",
  "description": "You find yourself troubled by the idea of destroying structures of ancient times."
}