{
    "type": "origins:active_self",
    "cooldown": 20,
    "hud_render": {
        "should_render": false
    },
    "entity_action": {
        "type": "origins:and",
        "actions": [
            {
                "type": "origins:raycast",
                "shape_type": "visual",
                "fluid_handling": "none",
                "bientity_action": {
                    "type": "origins:target_action",
                    "action": {
                        "type": "origins:apply_effect",
                        "effects": [
                            {
                                "effect": "minecraft:glowing",
                                "amplifier": 0,
                                "duration": 200
                            },
                            {
                                "effect": "minecraft:regeneration",
                                "amplifier": 1,
                                "duration": 200
                            }
                        ]
                    }
                },
                "distance": 8,
                "command_step": 0.25,
                "command_along_ray": "particle minecraft:dust_color_transition 1 1 0 1.5 1 1 1 ~ ~ ~ 0.1 0.1 0.1 0 2"
            },
            {
                "type": "origins:play_sound",
                "sound": "minecraft:block.beacon.power_select",
                "pitch": 2,
                "volume": 1
            },
            {
                "type": "origins:play_sound",
                "sound": "minecraft:entity.iron_golem.repair",
                "pitch": 1.5,
                "volume": 1
            },
            {
                "type": "origins:change_resource",
                "resource": "*:sunshine_girl/sunlight_sun",
                "change": -60
            }
        ]
    },
    "key": {
        "key": "key.origins.primary_active",
        "continuous": true
    },
    "condition": {
        "type": "origins:resource",
        "resource": "*:sunshine_girl/sunlight_sun",
        "comparison": ">",
        "compare_to": 60
    },
    "name": "Photon Geyser",
    "description": "You can unleash beams of sunlight, healing the first target struck and causing them to glow.",
    "badges": [
        {
            "type": "origins:tooltip",
            "sprite": "origins:textures/gui/badge/active.png",
            "text": ["Active ability, use with [", {"keybind": "key.origins.primary_active"}, "]. Consumes sunlight."]
        }
    ]
}