{
    "type": "origins:action_on_block_use",
    "block_condition": {
        "type": "origins:in_tag",
        "tag": "afterlife:crops"
    },
    "item_condition": {
        "type": "origins:empty"
    },
    "hands": [
        "main_hand"
    ],
    "condition": {
        "type": "origins:and",
        "conditions": [
            {
                "type": "origins:sneaking"
            },
            {
                "type": "origins:resource",
                "resource": "*:sunshine_girl/sunlight_sun",
                "comparison": ">",
                "compare_to": 30
            }
        ]
    },
    "block_action": {
        "type": "origins:bonemeal",
        "effects": true
    },
    "entity_action": {
        "type": "origins:change_resource",
        "resource": "*:sunshine_girl/sunlight_sun",
        "change": -30
    },
    "name": "Photosynthesis",
    "description": "You can give sunlight to plants to help them grow.",
    "badges": [
        {
            "type": "origins:tooltip",
            "sprite": "origins:textures/gui/badge/active.png",
            "text": [
                "Active ability, use with [", {"keybind": "key.use"}, "] while sneaking. Consumes sunlight."
            ]
        }
    ]
}