{
    "type": "origins:multiple",
    "sun": {
        "type": "origins:resource",
        "min": 0,
        "max": 400,
        "start_value": 400,
        "hud_render": {
            "sprite_location": "origins:textures/gui/community/huang/resource_bar_01.png",
            "bar_index": 14
        }
    },
    "light": {
        "type": "origins:resource",
        "min": 0,
        "max": 1,
        "hud_render": {
            "sprite_location": "origins:textures/gui/community/huang/resource_bar_01.png",
            "should_render": false
        }
    },
    "change_light": {
        "type": "origins:action_over_time",
        "interval": 1,
        "entity_action": {
            "type": "origins:if_else",
            "condition": {
                "type": "origins:or",
                "conditions": [
                    {
                        "type": "origins:exposed_to_sun"
                    },
                    {
                        "type": "origins:in_block",
                        "block_condition": {
                            "type": "origins:and",
                            "conditions": [
                                {
                                    "type": "origins:light_blocking",
                                    "inverted": true
                                },
                                {
                                    "type": "origins:exposed_to_sky"
                                },
                                {
                                    "type": "origins:height",
                                    "comparison": ">",
                                    "compare_to": 2
                                }
                            ]
                        }
                    }
                ]
            },
            "if_action": {
                "type": "origins:change_resource",
                "resource": "*:*_light",
                "operation": "set",
                "change": 1
            },
            "else_action": {
                "type": "origins:change_resource",
                "resource": "*:*_light",
                "operation": "set",
                "change": 0
            }
        }
    },
    "gain": {
        "type": "origins:action_over_time",
        "interval": 4,
        "entity_action": {
            "type": "origins:change_resource",
            "resource": "*:*_sun",
            "operation": "add",
            "change": 2
        },
        "condition": {
            "type": "origins:exposed_to_sun"
        }
    },
    "loss": {
        "type": "origins:action_over_time",
        "interval": 30,
        "entity_action": {
            "type": "origins:change_resource",
            "resource": "*:*_sun",
            "operation": "add",
            "change": -1
        },
        "condition": {
            "type": "origins:exposed_to_sun",
            "inverted": true
        }
    },
    "name": "Sunshine",
    "description": "When exposed to sunlight, you can store it to use at a later date.",
    "badges": [
        {
            "type": "origins:tooltip",
            "sprite": "origins:textures/gui/badge/info.png",
            "text": "You lose sunlight when not exposed to the sun."
        }
    ]
}