{
    "type": "origins:action_over_time",
    "interval": 40,
    "entity_action": {
        "type": "origins:and",
        "actions": [
            {
                "type": "origins:apply_effect",
                "effect": {
                    "effect": "minecraft:hunger",
                    "amplifier": 1,
                    "duration": 60
                }
            },
            {
                "type": "origins:damage",
                "amount": 2,
                "source": {
                    "name": "starve",
                    "bypasses_armor": true
                }
            }
        ]
    },
    "condition": {
        "type": "origins:resource",
        "resource": "*:sunshine_girl/sunlight_sun",
        "comparison": "==",
        "compare_to": 0
    },
    "name": "Solar Dependency",
    "description": "You quickly begin to die when you run out of sunlight."
}
