{
    "type": "origins:multiple",
    "sun_regen": {
        "type": "origins:action_over_time",
        "interval": 60,
        "entity_action": {
            "type": "origins:heal",
            "amount": 1
        },
        "condition": {
            "type": "origins:exposed_to_sun"
        }
    },
    "sun_strength": {
        "type": "origins:conditioned_attribute",
        "modifier": {
            "attribute": "minecraft:generic.attack_damage",
            "operation": "addition",
            "value": 2
        },
        "condition": {
            "type": "origins:exposed_to_sun"
        }
    },
    "sun_particles": {
        "type": "origins:particle",
        "frequency": 2,
        "particle": {
            "type": "minecraft:end_rod"
        },
        "condition": {
            "type": "origins:exposed_to_sun"
        }
    },
    "rain": {
        "type": "origins:action_over_time",
        "interval": 40,
        "entity_action": {
            "type": "origins:apply_effect",
            "effects": [
                {
                    "effect": "minecraft:weakness",
                    "amplifier": 2,
                    "duration": 80
                },
                {
                    "effect": "minecraft:slowness",
                    "amplifier": 2,
                    "duration": 80
                }
            ]
        },
        "condition": {
            "type": "origins:or",
            "conditions": [
                {
                    "type": "origins:and",
                    "conditions": [
                        {
                            "type": "origins:biome",
                            "condition": {
                                "type": "origins:precipitation",
                                "precipitation": "snow"
                            }
                        },
                        {
                            "type": "origins:predicate",
                            "predicate": "*:raining"
                        },
                        {
                            "type": "origins:exposed_to_sky"
                        }
                    ]
                },
                {
                    "type": "origins:in_rain"
                }
            ]
        }
    },
    "name": "Forecast",
    "description": "Your body is sensitive to the weather, and generally favors the sun."
}