{
  "type": "origins:attribute",
  "modifiers": [
    {
      "attribute": "minecraft:generic.armor",
      "operation": "addition",
      "value": 6
    },
    {
      "attribute": "minecraft:generic.knockback_resistance",
      "operation": "addition",
      "value": 0.5
    }
  ],
  "badges": [
    {
      "type": "origins:tooltip",
      "sprite": "origins:textures/gui/badge/info.png",
      "text": "You naturally have armor and knockback resistance"
    }
  ],
  "name": "Defensive Fleece",
  "description": "Your thick coating grants a stalwart defense, and will also reduce the velocity of strikes put upon you."
}