{
  "type": "origins:multiple",
  "blue_orchid": {
    "type": "origins:action_on_item_use",
    "entity_action": {
      "type": "origins:apply_effect",
      "effect": {
        "effect": "minecraft:absorption",
        "duration": 100,
        "is_ambient": true
      }
    },
    "item_condition": {
      "type": "origins:ingredient",
      "ingredient": {
        "item": "minecraft:blue_orchid"
      }
    }
  },
  "azure_bluet": {
    "type": "origins:action_on_item_use",
    "entity_action": {
      "type": "origins:apply_effect",
      "effect": {
        "effect": "minecraft:resistance",
        "duration": 100,
        "is_ambient": true
      }
    },
    "item_condition": {
      "type": "origins:ingredient",
      "ingredient": {
        "item": "minecraft:azure_bluet"
      }
    }
  },
  "lily_of_the_valley": {
    "type": "origins:action_on_item_use",
    "entity_action": {
      "type": "origins:apply_effect",
      "effect": {
        "effect": "minecraft:strength",
        "duration": 100,
        "is_ambient": true
      }
    },
    "item_condition": {
      "type": "origins:ingredient",
      "ingredient": {
        "item": "minecraft:lily_of_the_valley"
      }
    }
  },
  "allium": {
    "type": "origins:action_on_item_use",
    "entity_action": {
      "type": "origins:apply_effect",
      "effect": {
        "effect": "minecraft:regeneration",
        "duration": 100,
        "is_ambient": true
      }
    },
    "item_condition": {
      "type": "origins:ingredient",
      "ingredient": {
        "item": "minecraft:allium"
      }
    }
  },
  "oxeye_daisy": {
    "type": "origins:action_on_item_use",
    "entity_action": {
      "type": "origins:apply_effect",
      "effect": {
        "effect": "minecraft:water_breathing",
        "duration": 100,
        "is_ambient": true
      }
    },
    "item_condition": {
      "type": "origins:ingredient",
      "ingredient": {
        "item": "minecraft:oxeye_daisy"
      }
    }
  },
  "crimson_fungus": {
    "type": "origins:action_on_item_use",
    "entity_action": {
      "type": "origins:apply_effect",
      "effect": {
        "effect": "minecraft:fire_resistance",
        "duration": 100,
        "is_ambient": true
      }
    },
    "item_condition": {
      "type": "origins:ingredient",
      "ingredient": {
        "item": "minecraft:crimson_fungus"
      }
    }
  },
  "warped_fungus": {
    "type": "origins:action_on_item_use",
    "entity_action": {
      "type": "origins:apply_effect",
      "effect": {
        "effect": "minecraft:levitation",
        "duration": 100,
        "is_ambient": true
      }
    },
    "item_condition": {
      "type": "origins:ingredient",
      "ingredient": {
        "item": "minecraft:warped_fungus"
      }
    }
  },
  "hidden": true
}