{
  "type": "origins:multiple",
  "cooldown": {
    "type": "origins:cooldown",
    "cooldown": 30,
    "hud_render": {
      "should_render": true,
      "sprite_location": "origins:textures/gui/community/spiderkolo/resource_bar_03.png",
      "bar_index": 16
    }
  },
  "jump": {
    "type": "origins:modify_jump",
    "condition": {
      "type": "origins:resource",
      "resource": "afterlife:sniffling/heavyweight_cooldown",
      "comparison": "==",
      "compare_to": 0
    },
    "entity_action": {
      "type": "origins:and",
      "actions": [
        {
          "type": "origins:trigger_cooldown",
          "power": "afterlife:sniffling/heavyweight_cooldown"
        },
        {
          "type": "origins:play_sound",
          "sound": "minecraft:entity.ravager.step",
          "pitch": 1,
          "volume": 0.5
        },
        {
          "type": "origins:play_sound",
          "sound": "minecraft:entity.goat.long_jump",
          "pitch": 1,
          "volume": 0.5
        }
      ]
    }
  },
  "prevent_sprinting": {
    "type": "origins:prevent_sprinting",
    "condition": {
      "type": "origins:resource",
      "resource": "afterlife:sniffling/heavyweight_cooldown",
      "comparison": ">",
      "compare_to": 0
    }
  },
  "prevent_jumping": {
    "type": "origins:modify_jump",
    "condition": {
      "type": "origins:resource",
      "resource": "afterlife:sniffling/heavyweight_cooldown",
      "comparison": ">",
      "compare_to": 0
    },
    "entity_action": {
      "type": "origins:and",
      "actions": [
        {
          "type": "origins:play_sound",
          "sound": "minecraft:entity.ravager.step",
          "pitch": 1
        },
        {
          "type": "origins:play_sound",
          "sound": "minecraft:entity.goat.long_jump",
          "pitch": 1
        }
      ]
    },
    "modifier": {
      "operation": "multiply_total",
      "value": -1
    }
  },
  "movement_speed": {
    "type": "origins:attribute",
    "modifier": {
      "attribute": "minecraft:generic.movement_speed",
      "operation": "addition",
      "value": -0.015
    }
  },
  "badges": [
    {
      "type": "origins:tooltip",
      "sprite": "origins:textures/gui/badge/star.png",
      "text": "Your jump has a cooldown"
    }
  ],
  "name": "Heavyweight",
  "description": "Being from the oldest of eras, your size also results in a loss of movement, making both walking and jumping much harder."
}