{
  "type": "origins:multiple",
  "footstep": {
    "type": "apugli:custom_footstep",
    "sound": "minecraft:entity.warden.step"
  },
  "callback": {
    "type": "origins:action_on_callback",
    "entity_action_respawned": {
      "type": "origins:and",
      "actions": [
        {
          "type": "origins:play_sound",
          "sound": "minecraft:entity.turtle.egg_hatch",
          "pitch": 0,
          "volume": 1
        },
        {
          "type": "origins:play_sound",
          "sound": "minecraft:entity.turtle.egg_crack",
          "pitch": 1,
          "volume": 1
        }
      ]
    },
    "entity_action_chosen": {
      "type": "origins:and",
      "actions": [
        {
          "type": "origins:play_sound",
          "sound": "minecraft:entity.turtle.egg_hatch",
          "pitch": 0,
          "volume": 1
        },
        {
          "type": "origins:play_sound",
          "sound": "minecraft:entity.turtle.egg_crack",
          "pitch": 1,
          "volume": 1
        }
      ]
    }
  },
  "hidden": true
}