{
	"type": "origins:action_on_callback",
	"entity_action_chosen": {
		"type": "origins:and",
		"actions": [
      {
				"type": "origins:execute_command",
				"command": "scale delay set pehkui:model_height 0 @s"
			},
			{
				"type": "origins:execute_command",
				"command": "scale delay set pehkui:model_width 0 @s"
			},
			{
				"type": "origins:execute_command",
				"command": "scale delay set pehkui:hitbox_height 0 @s"
			},
			{
				"type": "origins:execute_command",
				"command": "scale delay set pehkui:hitbox_width 0 @s"
			},
			{
				"type": "origins:execute_command",
				"command": "scale delay set pehkui:eye_height 0 @s"
			},
			{
				"type": "origins:execute_command",
				"command": "scale set pehkui:model_height 1.3 @s"
			},
			{
				"type": "origins:execute_command",
				"command": "scale set pehkui:model_width 1.3 @s"
			},
			{
				"type": "origins:execute_command",
				"command": "scale set pehkui:hitbox_height 1.3 @s"
			},
			{
				"type": "origins:execute_command",
				"command": "scale set pehkui:hitbox_width 1.3 @s"
			},
			{
				"type": "origins:execute_command",
				"command": "scale set pehkui:eye_height 1.3 @s"
			},
			{
				"type": "origins:execute_command",
				"command": "scale persist set true @s"
			}
		]
	},
	"entity_action_lost": {
		"type": "origins:execute_command",
		"command": "scale reset @s"
	},
	"name": "Prehistoric",
	"description": "You may be partly devolved from your great ancestors, however you still possess great size."
}