{
  "type": "origins:active_self",
  "entity_action": {
    "type": "origins:and",
    "actions": [
      {
        "type": "origins:trigger_cooldown",
        "power": "afterlife:sniffling/heavyweight_cooldown"
      },
      {
        "type": "origins:play_sound",
        "sound": "minecraft:entity.warden.sniff",
        "pitch": 1.3
      },
      {
        "type": "origins:apply_effect",
        "effect": {
          "effect": "minecraft:slowness",
          "duration": 35,
          "amplifier": 2,
          "show_particles": false,
          "show_icon": false
        }
      },
      {
        "type": "origins:delay",
        "ticks": 35,
        "action": {
          "type": "origins:and",
          "actions": [
            {
              "type": "origins:if_else_list",
              "actions": [
                {
                  "condition": {
                    "type": "origins:block_in_radius",
                    "block_condition": {
                      "type": "origins:in_tag",
                      "tag": "afterlife:sniffables"
                    },
                    "radius": 15,
                    "compare_to": 0,
                    "comparison": ">"
                  },
                  "action": {
                    "type": "origins:and",
                    "actions": [
                      {
                        "type": "origins:play_sound",
                        "sound": "minecraft:entity.warden.listening",
                        "pitch": 1.3
                      },
                      {
                        "type": "origins:if_else",
                        "condition": {
                          "type": "origins:block_in_radius",
                          "block_condition": {
                            "type": "origins:in_tag",
                            "tag": "afterlife:sniffables"
                          },
                          "radius": 7,
                          "compare_to": 0,
                          "comparison": ">"
                        },
                        "if_action": {
                          "type": "origins:execute_command",
                          "command": "title @p actionbar {\"text\":\"There is ore very close...\"}"
                        },
                        "else_action": {
                          "type": "origins:execute_command",
                          "command": "title @p actionbar {\"text\":\"There is ore nearby...\"}"
                        }
                      }
                    ]
                  }
                },
                {
                  "condition": {
                    "type": "origins:block_in_radius",
                    "block_condition": {
                      "type": "origins:in_tag",
                      "tag": "afterlife:sniffables"
                    },
                    "radius": 15,
                    "compare_to": 0,
                    "comparison": "=="
                  },
                  "action": {
                    "type": "origins:and",
                    "actions": [
                      {
                        "type": "origins:execute_command",
                        "command": "title @p actionbar {\"text\":\"There are no nearby ores...\"}"
                      },
                      {
                        "type": "origins:play_sound",
                        "sound": "minecraft:entity.warden.agitated",
                        "pitch": 1.3
                      }
                    ]
                  }
                }
              ]
            }
          ]
        }
      }
    ]
  },
  "cooldown": 120,
  "hud_render": {
    "should_render": true,
    "sprite_location": "origins:textures/gui/community/spiderkolo/resource_bar_02.png",
    "bar_index": 3
  },
  "badges": [
		{
			"type": "origins:tooltip",
			"sprite": "origins:textures/gui/badge/active.png",
			"text": ["Active ability, use with [", {"keybind": "key.origins.primary_active"}, "]."]
		},
    {
      "type": "origins:tooltip",
      "sprite": "origins:textures/gui/badge/info.png",
      "text": "This ability only detects ores within 15 blocks"
    }
  ],
  "key": {
    "key": "key.origins.primary_active"
  },
  "name": "Prosperous Senses",
  "description": "Using your potent sense of smell, you can sniff out any nearby ores."
}