{
  "type": "origins:damage_over_time",
  "interval": 20,
  "damage": 1,
  "onset_delay": 200,
  "damage_source": {
    "name": "drown"
  },
  "condition": {
    "type": "origins:in_block_anywhere",
    "block_condition": {
      "type": "origins:light_level",
      "comparison": "==",
      "compare_to": 0
    },
    "comparison": ">",
    "compare_to": 1
  },
  "name": "Nyctophobia",
  "description": "You'll start to take damage if you're within complete darkness for too long."
}