{
	"type": "origins:active_self",
	"entity_action": {
		"type": "origins:raycast",
		"distance": 60,
		"block": true,
		"entity": true,
		"shape_type": "outline",
		"fluid_handling": "any",
		"hit_action": {
			"type": "origins:and",
			"actions": [
				{
					"type": "origins:execute_command",
					"command": "effect give @s minecraft:resistance 3 50 true"
				},
				{
					"type": "origins:play_sound",
					"sound": "minecraft:entity.enderman.teleport",
					"volume": 4.0,
					"pitch": 0
				},
        {
          "type": "origins:execute_command",
          "command": "particle minecraft:reverse_portal ~ ~0.9 ~ 0.2 0.4 0.2 1 15 normal"
        }
			]
		},
    "before_action": {
      "type": "origins:and",
			"actions": [
				{
					"type": "origins:play_sound",
					"sound": "minecraft:entity.enderman.teleport",
					"volume": 4.0,
					"pitch": 1
				},
        {
          "type": "origins:execute_command",
          "command": "particle minecraft:portal ~ ~0.9 ~ 0.2 0.4 0.2 1 15 normal"
        }
			]
    },
		"command_at_hit": "tp @s ~ ~ ~"
	},
  "condition": {
    "type": "origins:raycast",
		"distance": 60,
		"block": true,
		"entity": true,
		"shape_type": "outline",
		"fluid_handling": "any"
  },
  "cooldown": 300,
  "key": {
    "key": "key.origins.primary_active"
  },
  "hud_render": {
    "should_render": true,
		"sprite_location": "origins:textures/gui/resource_bar.png",
		"bar_index": 6
  },
  "badges": [
		{
			"type": "origins:tooltip",
			"sprite": "origins:textures/gui/badge/active.png",
			"text": ["Active ability, use with [", {"keybind": "key.origins.primary_active"}, "]."]
		},
    {
      "type": "origins:tooltip",
      "sprite": "origins:textures/gui/badge/info.png",
      "text": "60 block limit"
    }
  ],
  "name": "Quick Blink",
	"description": "Quickly relocate to where your cursor is within a reasonable distance."
}