{
  "type": "origins:multiple",
  "freeze_time": {
    "type": "origins:resource",
    "min": 0,
    "max": 100,
    "hud_render": {
      "should_render": true,
      "sprite_location": "origins:textures/gui/community/spiderkolo/resource_bar_03.png",
      "bar_index": 0,
      "condition": {
        "type": "origins:resource",
        "resource": "*:chillager/cryo_freeze_freeze_time",
        "comparison": ">",
        "compare_to": 0
      }
    },
    "max_action": {
      "type": "origins:and",
      "actions": [
        {
          "type": "origins:play_sound",
          "sound": "minecraft:entity.player.hurt_freeze",
          "pitch": 0
        }
      ]
    },
    "min_action": {
      "type": "origins:and",
      "actions": [
        {
          "type": "origins:play_sound",
          "sound": "minecraft:block.glass.break",
          "pitch": 0.5
        }
      ]
    }
  },
  "energy_swirl": {
    "type": "apugli:energy_swirl",
    "texture_location": "minecraft:textures/block/ice.png",
    "speed": 0.05,
    "size": 1,
    "condition": {
      "type": "origins:resource",
      "resource": "*:chillager/cryo_freeze_freeze_time",
      "comparison": ">",
      "compare_to": 0
    }
  },
  "healing": {
    "type": "origins:action_over_time",
    "entity_action": {
      "type": "origins:heal",
      "amount": 1
    },
    "condition": {
      "type": "origins:resource",
      "resource": "*:chillager/cryo_freeze_freeze_time",
      "comparison": ">",
      "compare_to": 0
    },
    "interval": 10
  },
  "loop": {
    "type": "origins:action_over_time",
    "entity_action": {
      "type": "origins:change_resource",
      "resource": "*:chillager/cryo_freeze_freeze_time",
      "change": -1
    },
    "interval": 1
  },
  "freezing": {
    "type": "origins:active_self",
    "entity_action": {
      "type": "origins:change_resource",
      "resource": "*:chillager/cryo_freeze_freeze_time",
      "change": 100,
      "operation": "set"
    },
    "hud_render": {
      "should_render": true,
      "sprite_location": "origins:textures/gui/community/spiderkolo/resource_bar_03.png",
      "bar_index": 9
    },
    "cooldown": 400,
    "key": {
      "key": "key.origins.secondary_active"
    }
  },
  "overlay": {
    "type": "origins:overlay",
    "texture": "minecraft:textures/block/ice.png",
    "strength": 1.0,
    "red": 1.0,
    "green": 1.0,
    "blue": 1.0,
    "draw_mode": "texture",
    "draw_phase": "below_hud",
    "hide_with_hud": false,
    "visible_in_third_person": false,
    "condition": {
      "type": "origins:resource",
      "resource": "*:chillager/cryo_freeze_freeze_time",
      "comparison": ">",
      "compare_to": 0
    }
  },
	"hide_mainhand": {
    "type": "apugli:modify_equipped_item_render",
    "slot": "MAINHAND",
    "stack": {
      "item": "minecraft:air"
    },
		"condition": {
      "type": "origins:resource",
      "resource": "*:chillager/cryo_freeze_freeze_time",
      "comparison": ">",
      "compare_to": 0
		},
    "override": true
	},
  "hide_offhand": {
    "type": "apugli:modify_equipped_item_render",
    "slot": "OFFHAND",
    "stack": {
      "item": "minecraft:air"
    },
		"condition": {
      "type": "origins:resource",
      "resource": "*:chillager/cryo_freeze_freeze_time",
      "comparison": ">",
      "compare_to": 0
		},
    "override": true
	},
  "slipperiness": {
    "type": "origins:modify_slipperiness",
    "modifier": {
      "operation": "addition",
      "value": 0.45
    },
    "condition": {
      "type": "origins:resource",
      "resource": "*:chillager/cryo_freeze_freeze_time",
      "comparison": ">",
      "compare_to": 0
    }
  },
  "damage_taken": {
    "type": "origins:modify_damage_taken",
    "modifier": {
      "value": -1,
      "operation": "multiply_total"
    },
    "damage_condition": {
      "type": "origins:fire",
      "inverted": true
    },
    "condition": {
      "type": "origins:resource",
      "resource": "*:chillager/cryo_freeze_freeze_time",
      "comparison": ">",
      "compare_to": 0
    }
  },
  "damage_dealt": {
    "type": "origins:modify_damage_dealt",
    "modifier": {
      "value": -1,
      "operation": "multiply_total"
    },
    "condition": {
      "type": "origins:resource",
      "resource": "*:chillager/cryo_freeze_freeze_time",
      "comparison": ">",
      "compare_to": 0
    }
  },
  "knockback": {
    "type": "origins:conditioned_attribute",
    "modifier": {
      "attribute": "minecraft:generic.knockback_resistance",
      "value": -1,
      "operation": "multiply_total"
    },
    "tick_rate": 2,
    "condition": {
      "type": "origins:resource",
      "resource": "*:chillager/cryo_freeze_freeze_time",
      "comparison": ">",
      "compare_to": 0
    }
  },
  "prevent_block_selection": {
    "type": "origins:prevent_block_selection",
    "condition": {
      "type": "origins:resource",
      "resource": "*:chillager/cryo_freeze_freeze_time",
      "comparison": ">",
      "compare_to": 0
    }
  },
  "prevent_block_use": {
    "type": "origins:prevent_block_use",
    "block_condition": {
      "type": "origins:block",
      "block": "minecraft:structure_void",
      "inverted": true
    },
    "condition": {
      "type": "origins:resource",
      "resource": "*:chillager/cryo_freeze_freeze_time",
      "comparison": ">",
      "compare_to": 0
    }
  },
  "prevent_elytra_flight": {
    "type": "origins:prevent_elytra_flight",
    "condition": {
      "type": "origins:resource",
      "resource": "*:chillager/cryo_freeze_freeze_time",
      "comparison": ">",
      "compare_to": 0
    }
  },
  "prevent_entity_use": {
    "type": "origins:prevent_entity_use",
    "condition": {
      "type": "origins:resource",
      "resource": "*:chillager/cryo_freeze_freeze_time",
      "comparison": ">",
      "compare_to": 0
    }
  },
  "prevent_item_use": {
    "type": "origins:prevent_item_use",
    "condition": {
      "type": "origins:resource",
      "resource": "*:chillager/cryo_freeze_freeze_time",
      "comparison": ">",
      "compare_to": 0
    }
  },
  "prevent_sleep": {
    "type": "origins:prevent_sleep",
    "condition": {
      "type": "origins:resource",
      "resource": "*:chillager/cryo_freeze_freeze_time",
      "comparison": ">",
      "compare_to": 0
    }
  },
  "prevent_sprinting": {
    "type": "origins:prevent_sprinting",
    "condition": {
      "type": "origins:resource",
      "resource": "*:chillager/cryo_freeze_freeze_time",
      "comparison": ">",
      "compare_to": 0
    }
  },
  "prevent_walking": {
    "type": "origins:conditioned_attribute",
    "modifier": {
      "attribute": "minecraft:generic.movement_speed",
      "value": -1,
      "operation": "multiply_total"
    },
    "tick_rate": 2,
    "condition": {
      "type": "origins:resource",
      "resource": "*:chillager/cryo_freeze_freeze_time",
      "comparison": ">",
      "compare_to": 0
    }
  },
  "prevent_air_movement": {
    "type": "origins:modify_air_speed",
    "modifier": {
      "value": 0,
      "operation":"multiply_total"
    },
    "condition": {
      "type": "origins:resource",
      "resource": "*:chillager/cryo_freeze_freeze_time",
      "comparison": ">",
      "compare_to": 0
    }
  },
  "prevent_jumping": {
    "type": "origins:modify_jump",
    "modifier": {
      "value": -5,
      "operation": "multiply_total"
    },
    "condition": {
      "type": "origins:resource",
      "resource": "*:chillager/cryo_freeze_freeze_time",
      "comparison": ">",
      "compare_to": 0
    }
  },
  "badges": [
		{
			"type": "origins:keybind",
			"sprite": "origins:textures/gui/badge/info.png",
			"text": "This will not negate fire damage."
		}
	],
  "name": "Cryofreeze",
  "description": "You can temporarily freeze yourself, negating all damage and regenerating health for a short time."
}