{
  "type": "origins:multiple",
  "invul": {
    "type": "origins:invulnerability",
    "damage_condition": {
      "type": "origins:name",
      "name": "freeze"
    }
  },
  "freeze": {
    "type": "origins:resource",
    "min": 0,
    "max": 600,
    "hud_render": {
      "should_render": true,
      "sprite_location": "origins:textures/gui/community/spiderkolo/resource_bar_03.png",
      "bar_index": 0
    },
    "min_action": {
      "type": "origins:and",
      "actions": [
        {
          "type": "origins:play_sound",
          "sound": "minecraft:block.glass.break",
          "volume": 1,
          "pitch": 1
        },
        {
          "type": "origins:spawn_particles",
          "particle": {
            "type": "minecraft:falling_dripstone_water"
          },
          "spread": {
            "x": 0.4,
            "y": 0.4,
            "z": 0.4
          },
          "count": 30
        },
        {
          "type": "origins:revoke_power",
          "power": "afterlife:chillager/frozen",
          "source": "afterlife:chillager"
        }
      ]
    }
  },
  "damage": {
    "type": "origins:freeze"
  },
  "regeneration": {
    "type": "origins:disable_regen"
  },
  "loop": {
    "type": "origins:action_over_time",
    "entity_action": {
      "type": "origins:change_resource",
      "resource": "afterlife:chillager/frozen_freeze",
      "change": -1
    },
    "interval": 1
  }
}