{
	"type": "origins:active_self",
	"entity_action": {
		"type": "origins:and",
		"actions": [
      {
				"type": "origins:raycast",
				"distance": 32,
				"block": true,
				"entity": true,
				"shape_type": "visual",
				"fluid_handling": "any",
				"command_at_hit": "function afterlife:chillager/ice_fall",
				"command_step": 1,
				"command_along_ray_only_on_hit": true
			},
			{
				"type": "origins:play_sound",
				"sound": "minecraft:entity.illusioner.cast_spell",
				"volume": 1,
				"pitch": 1
			},
			{
				"type": "origins:play_sound",
				"sound": "minecraft:block.enchantment_table.use",
				"volume": 1,
				"pitch": 1
			}
		]
	},
	"cooldown": 200,
	"hud_render": {
		"should_render": true,
		"sprite_location": "origins:textures/gui/community/huang/resource_bar_02.png",
		"bar_index": 11
	},
	"key": {
		"key": "key.origins.primary_active"
	},
	"badges": [
		{
			"type": "origins:tooltip",
			"sprite": "origins:textures/gui/badge/active.png",
			"text": ["Active ability, use with [", {"keybind": "key.origins.primary_active"}, "]."]
		}
  ],
	"name": "Frozen Falling",
	"description": "Drops a layer of ice wherever you're looking."
}