{
  "type": "origins:action_on_callback",
  "entity_action_gained": {
    "type": "origins:if_else",
    "condition": {
      "type": "origins:origin",
      "origin": "afterlife:chillager"
    },
    "if_action": {
      "type": "origins:execute_command",
      "command": "power revoke @s afterlife:chillager/ice_hit"
    },
    "else_action": {
      "type": "origins:and",
      "actions": [
        {
          "type": "origins:grant_power",
          "power": "afterlife:chillager/frozen",
          "source": "afterlife:chillager"
        },
        {
          "type": "origins:damage",
          "amount": 4,
          "source": {
            "name": "fallingBlock"
          }
        },
        {
          "type": "origins:change_resource",
          "resource": "afterlife:chillager/frozen_freeze",
          "change": 140
        },
        {
          "type": "origins:execute_command",
          "command": "power revoke @s afterlife:chillager/ice_hit"
        }
      ]
    }
  }
}