{
  "type": "origins:modify_food",
  "entity_action": {
    "type": "origins:chance",
    "chance": 0.50,
    "action": {
      "type": "origins:and",
      "actions": [
        {
					"type": "origins:play_sound",
					"sound": "minecraft:entity.enderman.teleport",
					"volume": 2.0,
					"pitch": 1
				},
        {
          "type": "origins:execute_command",
          "command": "particle minecraft:portal ~ ~0.9 ~ 0.2 0.4 0.2 1 15 normal"
        },
        {
          "type": "origins:execute_command",
          "command": "spreadplayers ~ ~ 1 20 false @s"
        },
        {
					"type": "origins:play_sound",
					"sound": "minecraft:entity.enderman.teleport",
					"volume": 2.0,
					"pitch": 0
				},
        {
          "type": "origins:execute_command",
          "command": "particle minecraft:reverse_portal ~ ~0.9 ~ 0.2 0.4 0.2 1 15 normal"
        }
      ]
    }
  },
  "badges": [
    {
      "type": "origins:tooltip",
      "sprite": "origins:textures/gui/badge/info.png",
      "text": "Eating has a 25% chance to teleport you up to 20 blocks away."
    }
  ],
  "name": "Flux Foods",
  "description": "Whenever eating, there's a chance you're randomly teleported, similar to consuming a Chorus Fruit."
}