{
  "type": "origins:active_self",
  "entity_action": {
    "type": "origins:raycast",
    "distance": 40,
    "block": true,
    "entity": true,
    "bientity_action": {
      "type": "origins:target_action",
      "action": {
        "type": "origins:choice",
        "actions": [
          {
            "element": {
              "type": "origins:spawn_entity",
              "entity_type": "minecraft:dragon_fireball",
              "tag": "{power:[0.0,-5.0,0.0]}"
            },
            "weight": 1
          },
          {
            "element": {
              "type": "origins:spawn_entity",
              "entity_type": "minecraft:small_fireball",
              "tag": "{power:[0.0,-5.0,0.0]}"
            },
            "weight": 2
          },
          {
            "element": {
              "type": "origins:spawn_entity",
              "entity_type": "minecraft:creeper",
              "tag": "{DeathLootTable:\"none\",ignited:1b}"
            },
            "weight": 2
          },
          {
            "element": {
              "type": "origins:spawn_entity",
              "entity_type": "minecraft:lightning_bolt"
            },
            "weight": 1
          },
          {
            "element": {
              "type": "origins:spawn_entity",
              "entity_type": "minecraft:potion",
              "tag": "{Motion:[0.0,0.5,0.0],Item:{id:\"minecraft:splash_potion\",Count:1b,tag:{Potion:\"minecraft:harming\",Enchantments:[{}]}}}"
            },
            "weight": 2
          }
        ]
      }
    }
  },
  "cooldown": 200,
  "key": {
    "key": "key.origins.primary_active"
  },
  "hud_render": {
    "should_render": true,
		"sprite_location": "origins:textures/gui/resource_bar.png",
		"bar_index": 6
  },
  "badges": [
		{
			"type": "origins:tooltip",
			"sprite": "origins:textures/gui/badge/active.png",
			"text": ["Active ability, use with [", {"keybind": "key.origins.primary_active"}, "]."]
		}
  ],
  "name": "Glitchspawn",
  "description": "When aiming at someone, use this ability to spawn a random negative event."
}