{
  "type": "origins:action_on_hit",
  "bientity_action": {
    "type": "origins:target_action",
    "action": {
      "type": "origins:if_else",
      "condition": {
        "type": "origins:or",
        "conditions": [
          {
            "type": "origins:entity_type",
            "entity_type": "minecraft:player"
          },
          {
            "type": "origins:entity_type",
            "entity_type": "minecraft:wither"
          },
          {
            "type": "origins:entity_type",
            "entity_type": "minecraft:ender_dragon"
          },
          {
            "type": "origins:entity_type",
            "entity_type": "minecraft:elder_guardian"
          }
        ]
      },
      "if_action": {
        "type": "origins:execute_command",
        "command": "spreadplayers ~ ~ 20 20 false @s"
      },
      "else_action": {
        "type": "origins:execute_command",
        "command": "tp @s ~ ~-1000 ~"
      }
    }
  },
  "condition": {
    "type": "origins:sneaking"
  },
  "cooldown": 500,
  "hud_render": {
    "should_render": true,
    "sprite_location": "origins:textures/gui/community/spiderkolo/resource_bar_03.png",
    "bar_index": 7
  },
  "name": "Angelic Touch",
  "description": "Send all mobs to the clouds above, while strong targets like bosses and players are less effected."
}