{
	"type": "origins:active_self",
	"entity_action": {
		"type": "origins:raycast",
		"distance": 15,
		"block": true,
		"entity": true,
		"shape_type": "outline",
		"fluid_handling": "any",
    "before_action": {
			"type": "origins:play_sound",
			"sound": "minecraft:entity.ravager.step",
			"volume": 4.0,
			"pitch": 0.8
    },
		"command_at_hit": "tp @s ~ ~ ~"
	},
  "condition": {
		"type": "origins:and",
		"conditions": [
			{
				"type": "origins:raycast",
				"distance": 15,
				"block": true,
				"entity": true,
				"shape_type": "outline",
				"fluid_handling": "any"
			},
			{
				"type": "origins:resource",
				"comparison": "==",
				"compare_to": 0,
				"resource": "*:weeping_angel/condition_resource"
			}
		]
  },
  "cooldown": 300,
  "key": {
    "key": "key.origins.primary_active"
  },
  "hud_render": {
    "should_render": true,
		"sprite_location": "origins:textures/gui/resource_bar.png",
		"bar_index": 6
  },
  "badges": [
		{
			"type": "origins:tooltip",
			"sprite": "origins:textures/gui/badge/active.png",
			"text": ["Active ability, use with [", {"keybind": "key.origins.primary_active"}, "]."]
		},
    {
      "type": "origins:tooltip",
      "sprite": "origins:textures/gui/badge/info.png",
      "text": "20 block limit"
    }
  ],
  "name": "Blink",
	"description": "Quickly relocate to where your cursor is within a reasonable distance as long as you aren't being percieved."
}