{
  "type": "origins:multiple",
  "condition_resource": {
    "type": "origins:resource",
    "min": 0,
    "max": 1,
    "hud_render": {
      "should_render": false
    }
  },
  "condition_toggler": {
    "type": "origins:action_over_time",
    "entity_action": {
      "type": "origins:if_else",
      "condition": {
        "type": "apugli:entity_in_radius",
        "bientity_condition": {
          "type": "origins:and",
          "conditions": [
            {
              "type": "origins:can_see"
            },
            {
              "type": "origins:target_condition",
              "condition": {
                "type": "origins:and",
                "conditions": [
                  {
                    "type": "origins:raycast",
                    "distance": 100,
                    "block": false,
                    "entity": true,
                    "shape_type": "visual",
                    "fluid_handling": "any",
                    "hit_bientity_condition": {
                      "type": "origins:target_condition",
                      "condition": {
                        "type": "origins:origin",
                        "origin": "afterlife:weeping_angel"
                      }
                    }
                  },
                  {
                    "type": "origins:entity_type",
                    "entity_type": "minecraft:player"
                  }
                ]
              }
            }
          ]
        },
        "radius": 100.0,
        "comparison": ">",
        "compare_to": 0
      },
      "if_action": {
        "type": "origins:change_resource",
        "resource": "*:*_condition_resource",
        "change": 1,
        "operation": "set"
      },
      "else_action": {
        "type": "origins:change_resource",
        "resource": "*:*_condition_resource",
        "change": 0,
        "operation": "set"
      }
    },
    "interval": 1
  },
  "visual": {
    "type": "origins:model_color",
    "red": 0.3,
    "green": 0.3,
    "blue": 0.3,
    "condition": {
      "type": "origins:resource",
      "comparison": "==",
      "compare_to": 1,
      "resource": "*:*_condition_resource"
    }
  },
  "damage_taken": {
    "type": "origins:modify_damage_taken",
    "modifier": {
      "value": -1,
      "operation": "multiply_total"
    },
    "condition": {
      "type": "origins:resource",
      "comparison": "==",
      "compare_to": 1,
      "resource": "*:*_condition_resource"
    }
  },
  "damage_dealt": {
    "type": "origins:modify_damage_dealt",
    "modifier": {
      "value": -1,
      "operation": "multiply_total"
    },
    "condition": {
      "type": "origins:resource",
      "comparison": "==",
      "compare_to": 1,
      "resource": "*:*_condition_resource"
    }
  },
  "knockback": {
    "type": "origins:conditioned_attribute",
    "modifier": {
      "attribute": "minecraft:generic.knockback_resistance",
      "value": -1,
      "operation": "multiply_total"
    },
    "tick_rate": 2,
    "condition": {
      "type": "origins:resource",
      "comparison": "==",
      "compare_to": 1,
      "resource": "*:*_condition_resource"
    }
  },
  "prevent_block_selection": {
    "type": "origins:prevent_block_selection",
    "condition": {
      "type": "origins:resource",
      "comparison": "==",
      "compare_to": 1,
      "resource": "*:*_condition_resource"
    }
  },
  "prevent_block_use": {
    "type": "origins:prevent_block_use",
    "block_condition": {
      "type": "origins:block",
      "block": "minecraft:structure_void",
      "inverted": true
    },
    "condition": {
      "type": "origins:resource",
      "comparison": "==",
      "compare_to": 1,
      "resource": "*:*_condition_resource"
    }
  },
  "prevent_elytra_flight": {
    "type": "origins:prevent_elytra_flight",
    "condition": {
      "type": "origins:resource",
      "comparison": "==",
      "compare_to": 1,
      "resource": "*:*_condition_resource"
    }
  },
  "prevent_entity_use": {
    "type": "origins:prevent_entity_use",
    "condition": {
      "type": "origins:resource",
      "comparison": "==",
      "compare_to": 1,
      "resource": "*:*_condition_resource"
    }
  },
  "prevent_item_use": {
    "type": "origins:prevent_item_use",
    "condition": {
      "type": "origins:resource",
      "comparison": "==",
      "compare_to": 1,
      "resource": "*:*_condition_resource"
    }
  },
  "prevent_sleep": {
    "type": "origins:prevent_sleep",
    "condition": {
      "type": "origins:resource",
      "comparison": "==",
      "compare_to": 1,
      "resource": "*:*_condition_resource"
    }
  },
  "prevent_sprinting": {
    "type": "origins:prevent_sprinting",
    "condition": {
      "type": "origins:resource",
      "comparison": "==",
      "compare_to": 1,
      "resource": "*:*_condition_resource"
    }
  },
  "increase_walking": {
    "type": "origins:conditioned_attribute",
    "modifier": {
      "attribute": "minecraft:generic.movement_speed",
      "value": 2,
      "operation": "multiply_total"
    },
    "tick_rate": 2,
    "condition": {
      "type": "origins:resource",
      "comparison": "==",
      "compare_to": 0,
      "resource": "*:*_condition_resource"
    }
  },
  "prevent_walking": {
    "type": "origins:conditioned_attribute",
    "modifier": {
      "attribute": "minecraft:generic.movement_speed",
      "value": -1,
      "operation": "multiply_total"
    },
    "tick_rate": 2,
    "condition": {
      "type": "origins:resource",
      "comparison": "==",
      "compare_to": 1,
      "resource": "*:*_condition_resource"
    }
  },
  "prevent_air_movement": {
    "type": "origins:modify_air_speed",
    "modifier": {
      "value": 0,
      "operation":"multiply_total"
    },
    "condition": {
      "type": "origins:resource",
      "comparison": "==",
      "compare_to": 1,
      "resource": "*:*_condition_resource"
    }
  },
  "prevent_jumping": {
    "type": "origins:modify_jump",
    "modifier": {
      "value": -5,
      "operation": "multiply_total"
    },
    "condition": {
      "type": "origins:resource",
      "comparison": "==",
      "compare_to": 1,
      "resource": "*:*_condition_resource"
    }
  },
  "name": "Imperceptible",
  "description": "You instantly turn to stone when someone is actively looking at you, otherwise, you'll be extremely fast."
}