{
    "type": "origins:multiple",
    "plates": {
        "type": "origins:phasing",
        "block_condition": {
            "type": "origins:in_tag",
            "tag": "minecraft:pressure_plates"
        },
        "render_type": "none"
    },
    "doors": {
        "type": "origins:prevent_block_use",
        "block_condition": {
            "type": "origins:in_tag",
            "tag": "minecraft:doors"
        }
    },
    "name": "Light Body",
    "description": "You can't use doors or pressure plates."
}