{
    "type": "origins:active_self",
    "cooldown": 300,
    "hud_render": {
        "sprite_location": "origins:textures/gui/community/huang/resource_bar_01.png",
        "bar_index": 4,
        "should_render": true
    },
    "entity_action": {
        "type": "origins:and",
        "actions": [
            {
                "type": "origins:apply_effect",
                "effect": {
                    "effect": "minecraft:regeneration",
                    "amplifier": 0,
                    "duration": 160
                }
            },
            {
                "type": "origins:play_sound",
                "sound": "minecraft:block.note_block.chime",
                "pitch": 1.15,
                "volume": 0.65
            },
            {
                "type": "origins:play_sound",
                "sound": "minecraft:block.bell.use",
                "pitch": 2,
                "volume": 0.5
            },
            {
                "type": "origins:execute_command",
                "command": "particle minecraft:dust_color_transition 1 1 1 1.5 1 0 0 ~ ~0.5 ~ 0.15 0.25 0.15 1 6"
            }
        ]
    },
    "name": "Self-Repair",
    "description": "You can mend yourself over time."
}