{
    "type": "apugli:mobs_ignore",
    "mob_condition": {
        "type": "origins:and",
        "conditions": [
            {
                "type": "origins:entity_type",
                "entity_type": "minecraft:ender_dragon"
            },
            {
                "type": "origins:entity_type",
                "entity_type": "minecraft:wither"
            }
        ],
        "inverted": true
    },
    "condition": {
        "type": "origins:relative_health",
        "comparison": "==",
        "compare_to": 1
    },
    "name": "Non-Target",
    "description": "Enemies don't even realize you're alive if you're not already damaged."
}