{
    "type": "origins:action_on_callback",
    "entity_action_chosen": {
        "type": "origins:and",
        "actions": [
            {
                "type": "origins:execute_command",
                "command": "scale delay set pehkui:height 0 @s"
            },
            {
                "type": "origins:execute_command",
                "command": "scale delay set pehkui:width 0 @s"
            },
            {
                "type": "origins:execute_command",
                "command": "scale delay set pehkui:motion 0 @s"
            },
            {
                "type": "origins:execute_command",
                "command": "scale delay set pehkui:jump_height 0 @s"
            },
            {
                "type": "origins:execute_command",
                "command": "scale delay set pehkui:step_height 0 @s"
            },
            {
                "type": "origins:execute_command",
                "command": "scale set pehkui:height 0.5 @s"
            },
            {
                "type": "origins:execute_command",
                "command": "scale set pehkui:width 0.5 @s"
            },
            {
                "type": "origins:execute_command",
                "command": "scale set pehkui:motion 0.75 @s"
            },
            {
                "type": "origins:execute_command",
                "command": "scale set pehkui:jump_height 1.1 @s"
            },
            {
                "type": "origins:execute_command",
                "command": "scale set pehkui:step_height 1.15 @s"
            },
            {
                "type": "origins:execute_command",
                "command": "scale persist set true @s"
            }
        ]
    },
    "entity_action_lost": {
        "type": "origins:execute_command",
        "command": "scale reset @s"
    },
    "name": "Small Stature",
    "description": "You're half as tall as the average person."
}