{
    "type": "origins:modify_damage_taken",
    "modifier": {
        "operation": "multiply_total",
        "value": 0.25
    },
    "bientity_condition": {
        "type": "origins:actor_condition",
        "condition": {
            "type": "origins:equipped_item",
            "equipment_slot": "mainhand",
            "item_condition": {
                "type": "origins:ingredient",
                "ingredient": {
                    "tag": "afterlife:axes"
                }
            }
        }
    },
    "name": "Wooden Body",
    "description": "You take more damage from axes."
}