{
    "type": "origins:multiple",
    "opening": {
        "type": "origins:resource",
        "min": 0,
        "max": 1,
        "hud_render": {
            "should_render": false
        }
    },
    "cooldown": {
        "type": "origins:cooldown",
        "cooldown": 140,
        "hud_render": {
            "sprite_location": "origins:textures/gui/community/huang/resource_bar_02.png",
            "bar_index": 13,
            "should_render": true
        }
    },
    "fall_immune_timer": {
        "type": "origins:cooldown",
        "cooldown": 20,
        "hud_render": {
            "should_render": false
        }
    },
    "form": {
        "type": "origins:resource",
        "min": 0,
        "max": 1,
        "hud_render": {
            "should_render": false
        },
        "max_action": {
            "type": "origins:and",
            "actions": [
                {
                    "type": "origins:execute_command",
                    "command": "function afterlife:mimic/form_particles"
                },
                {
                    "type": "origins:execute_command",
                    "command": "function afterlife:mimic/enter_form"
                },
                {
                    "type": "origins:if_else_list",
                    "actions": [
                        {
                            "condition": {
                                "type": "origins:command",
                                "command": "execute if entity @s[y_rotation=-45..44.9]",
                                "comparison": "==",
                                "compare_to": 1
                            },
                            "action": {
                                "type": "origins:execute_command",
                                "command": "execute as @e[type=minecraft:armor_stand,tag=afterlife_mimic_chest,sort=nearest,limit=1] positioned as @e[type=minecraft:armor_stand,tag=afterlife_mimic_chest,sort=nearest,limit=1] run tp @s ~ ~ ~ 0 0"
                            }
                        }
                    ]
                },
                {
                    "type": "origins:if_else_list",
                    "actions": [
                        {
                            "condition": {
                                "type": "origins:command",
                                "command": "execute if entity @s[y_rotation=45..134.9]",
                                "comparison": "==",
                                "compare_to": 1
                            },
                            "action": {
                                "type": "origins:execute_command",
                                "command": "execute as @e[type=minecraft:armor_stand,tag=afterlife_mimic_chest,sort=nearest,limit=1] positioned as @e[type=minecraft:armor_stand,tag=afterlife_mimic_chest,sort=nearest,limit=1] run tp @s ~ ~ ~ 90 0"
                            }
                        }
                    ]
                },
                {
                    "type": "origins:if_else_list",
                    "actions": [
                        {
                            "condition": {
                                "type": "origins:command",
                                "command": "execute if entity @s[y_rotation=135..224.9]",
                                "comparison": "==",
                                "compare_to": 1
                            },
                            "action": {
                                "type": "origins:execute_command",
                                "command": "execute as @e[type=minecraft:armor_stand,tag=afterlife_mimic_chest,sort=nearest,limit=1] positioned as @e[type=minecraft:armor_stand,tag=afterlife_mimic_chest,sort=nearest,limit=1] run tp @s ~ ~ ~ 180 0"
                            }
                        }
                    ]
                },
                {
                    "type": "origins:if_else_list",
                    "actions": [
                        {
                            "condition": {
                                "type": "origins:command",
                                "command": "execute if entity @s[y_rotation=225..314.9]",
                                "comparison": "==",
                                "compare_to": 1
                            },
                            "action": {
                                "type": "origins:execute_command",
                                "command": "execute as @e[type=minecraft:armor_stand,tag=afterlife_mimic_chest,sort=nearest,limit=1] positioned as @e[type=minecraft:armor_stand,tag=afterlife_mimic_chest,sort=nearest,limit=1] run tp @s ~ ~ ~ 270 0"
                            }
                        }
                    ]
                },
                {
                    "type": "origins:play_sound",
                    "sound": "minecraft:block.sculk.charge",
                    "pitch": 0.6,
                    "volume": 0.75
                },
                {
                    "type": "origins:play_sound",
                    "sound": "minecraft:block.chest.close",
                    "pitch": 0.75,
                    "volume": 0.375
                }
            ]
        },
        "min_action": {
            "type": "origins:and",
            "actions": [
                {
                    "type": "origins:execute_command",
                    "command": "function afterlife:mimic/form_particles"
                },
                {
                    "type": "origins:execute_command",
                    "command": "function afterlife:mimic/exit_form"
                },
                {
                    "type": "origins:trigger_cooldown",
                    "power": "*:*_fall_immune_timer"
                },
                {
                    "type": "origins:add_velocity",
                    "set": true,
                    "x": 0,
                    "y": 0,
                    "z": 0
                },
                {
                    "type": "origins:play_sound",
                    "sound": "minecraft:block.sculk.charge",
                    "pitch": 0.6,
                    "volume": 0.28125
                },
                {
                    "type": "origins:play_sound",
                    "sound": "minecraft:block.chest.close",
                    "pitch": 1.25,
                    "volume": 0.375
                }
            ]
        }
    },
    "velocity": {
        "axes": [
            "x",
            "y",
            "z"
        ],
        "type": "origins:modify_velocity",
        "modifier": {
            "operation": "set_total",
            "value": 0
        },
        "condition": {
            "type": "origins:resource",
            "resource": "*:*_form",
            "comparison": "==",
            "compare_to": 1
        }
    },
    "damage_dealt": {
        "type": "origins:conditioned_attribute",
        "modifier": {
            "attribute": "minecraft:generic.attack_damage",
            "operation": "addition",
            "value": -100
        },
        "condition": {
            "type": "origins:resource",
            "resource": "*:*_form",
            "comparison": "==",
            "compare_to": 1
        }
    },
    "damage_taken": {
        "type": "origins:modify_damage_taken",
        "self_action": {
            "type": "origins:and",
            "actions": [
                {
                    "type": "origins:change_resource",
                    "resource": "*:*_form",
                    "operation": "set",
                    "change": 0
                },
                {
                    "type": "origins:trigger_cooldown",
                    "power": "*:*_cooldown"
                }
            ]
        },
        "condition": {
            "type": "origins:resource",
            "resource": "*:*_opening",
            "comparison": "==",
            "compare_to": 0
        }
    },
    "invis": {
        "type": "origins:invisibility",
        "render_armor": false,
        "condition": {
            "type": "origins:resource",
            "resource": "*:*_form",
            "comparison": "==",
            "compare_to": 1
        }
    },
    "active": {
        "type": "origins:active_self",
        "cooldown": 1,
        "hud_render": {
            "should_render": false
        },
        "entity_action": {
            "type": "origins:if_else",
            "condition": {
                "type": "origins:resource",
                "resource": "*:*_form",
                "comparison": "==",
                "compare_to": 0
            },
            "if_action": {
                "type": "origins:change_resource",
                "resource": "*:*_form",
                "operation": "set",
                "change": 1
            },
            "else_action": {
                "type": "origins:and",
                "actions": [
                    {
                        "type": "origins:trigger_cooldown",
                        "power": "*:*_cooldown"
                    },
                    {
                        "type": "origins:apply_effect",
                        "effect": {
                            "effect": "minecraft:speed",
                            "amplifier": 1,
                            "duration": 100,
                            "is_ambient": true
                        }
                    },
                    {
                        "type": "origins:change_resource",
                        "resource": "*:*_form",
                        "operation": "set",
                        "change": 0
                    }
                ]
            }
        },
        "condition": {
            "type": "origins:and",
            "conditions": [
                {
                    "type": "origins:resource",
                    "resource": "*:*_cooldown",
                    "comparison": "==",
                    "compare_to": 0
                },
                {
                    "type": "origins:resource",
                    "resource": "*:*_opening",
                    "comparison": "==",
                    "compare_to": 0
                }
            ]
        }
    },
    "fall_immune": {
        "type": "origins:modify_damage_taken",
        "modifier": {
            "operation": "set_total",
            "value": 0
        },
        "damage_condition": {
            "type": "origins:from_falling"
        },
        "condition": {
            "type": "origins:resource",
            "resource": "*:*_fall_immune_timer",
            "comparison": ">",
            "compare_to": 0
        }
    },
    "trigger": {
        "type": "origins:action_on_being_used",
        "bientity_action": {
            "type": "origins:target_action",
            "action": {
                "type": "origins:and",
                "actions": [
                    {
                        "type": "origins:change_resource",
                        "resource": "*:*_opening",
                        "operation": "set",
                        "change": 1
                    },
                    {
                        "type": "origins:play_sound",
                        "sound": "minecraft:block.ender_chest.open",
                        "pitch": 1.6,
                        "volume": 0.4
                    },
                    {
                        "type": "origins:delay",
                        "ticks": 1,
                        "action": {
                            "type": "origins:play_sound",
                            "sound": "minecraft:block.ender_chest.open",
                            "pitch": 1.65,
                            "volume": 0.5
                        }
                    },
                    {
                        "type": "origins:delay",
                        "ticks": 2,
                        "action": {
                            "type": "origins:play_sound",
                            "sound": "minecraft:block.ender_chest.open",
                            "pitch": 1.7,
                            "volume": 0.65
                        }
                    },
                    {
                        "type": "origins:delay",
                        "ticks": 3,
                        "action": {
                            "type": "origins:play_sound",
                            "sound": "minecraft:block.ender_chest.open",
                            "pitch": 1.85,
                            "volume": 0.8
                        }
                    },
                    {
                        "type": "origins:delay",
                        "ticks": 4,
                        "action": {
                            "type": "origins:play_sound",
                            "sound": "minecraft:block.ender_chest.open",
                            "pitch": 2.0,
                            "volume": 1
                        }
                    },
                    {
                        "type": "origins:delay",
                        "ticks": 6,
                        "action": {
                            "type": "origins:play_sound",
                            "sound": "minecraft:block.ender_chest.open",
                            "pitch": 2.0,
                            "volume": 1
                        }
                    },
                    {
                        "type": "origins:delay",
                        "ticks": 9,
                        "action": {
                            "type": "origins:play_sound",
                            "sound": "minecraft:block.ender_chest.open",
                            "pitch": 2.0,
                            "volume": 1
                        }
                    },
                    {
                        "type": "origins:delay",
                        "ticks": 12,
                        "action": {
                            "type": "origins:and",
                            "actions": [
                                {
                                    "type": "origins:play_sound",
                                    "sound": "minecraft:entity.iron_golem.death",
                                    "pitch": 0.5,
                                    "volume": 2
                                },
                                {
                                    "type": "origins:play_sound",
                                    "sound": "minecraft:entity.dragon_fireball.explode",
                                    "pitch": 0.5,
                                    "volume": 2
                                },
                                {
                                    "type": "origins:execute_command",
                                    "command": "function afterlife:mimic/opened_particles"
                                },
                                {
                                    "type": "origins:change_resource",
                                    "resource": "*:*_opening",
                                    "operation": "set",
                                    "change": 0
                                },
                                {
                                    "type": "origins:change_resource",
                                    "resource": "*:*_form",
                                    "operation": "set",
                                    "change": 0
                                },
                                {
                                    "type": "origins:area_of_effect",
                                    "radius": 8,
                                    "bientity_action": {
                                        "type": "origins:and",
                                        "actions": [
                                            {
                                                "type": "origins:damage",
                                                "amount": 2,
                                                "source": {
                                                    "name": "fireball",
                                                    "fire": false
                                                }
                                            },
                                            {
                                                "type": "origins:add_velocity",
                                                "y": 0.1,
                                                "z": 0.55,
                                                "set": false
                                            },
                                            {
                                                "type": "origins:target_action",
                                                "action": {
                                                    "type": "origins:choice",
                                                    "actions": [
                                                        {
                                                            "element": {
                                                                "type": "origins:apply_effect",
                                                                "effect": {
                                                                    "effect": "minecraft:darkness",
                                                                    "amplifier": 0,
                                                                    "duration": 600
                                                                }
                                                            },
                                                            "weight": 3
                                                        },
                                                        {
                                                            "element": {
                                                                "type": "origins:apply_effect",
                                                                "effect": {
                                                                    "effect": "minecraft:nausea",
                                                                    "amplifier": 0,
                                                                    "duration": 300
                                                                }
                                                            },
                                                            "weight": 3
                                                        },
                                                        {
                                                            "element": {
                                                                "type": "origins:apply_effect",
                                                                "effect": {
                                                                    "effect": "minecraft:slowness",
                                                                    "amplifier": 3,
                                                                    "duration": 600
                                                                }
                                                            },
                                                            "weight": 3
                                                        },
                                                        {
                                                            "element": {
                                                                "type": "origins:apply_effect",
                                                                "effect": {
                                                                    "effect": "minecraft:glowing",
                                                                    "amplifier": 0,
                                                                    "duration": 1200
                                                                }
                                                            },
                                                            "weight": 3
                                                        },
                                                        {
                                                            "element": {
                                                                "type": "origins:apply_effect",
                                                                "effect": {
                                                                    "effect": "minecraft:levitation",
                                                                    "amplifier": 0,
                                                                    "duration": 240
                                                                }
                                                            },
                                                            "weight": 3
                                                        },
                                                        {
                                                            "element": {
                                                                "type": "origins:apply_effect",
                                                                "effect": {
                                                                    "effect": "extraalchemy:growing",
                                                                    "amplifier": 1,
                                                                    "duration": 600
                                                                }
                                                            },
                                                            "weight": 3
                                                        },
                                                        {
                                                            "element": {
                                                                "type": "origins:apply_effect",
                                                                "effect": {
                                                                    "effect": "extraalchemy:shrinking",
                                                                    "amplifier": 1,
                                                                    "duration": 900
                                                                }
                                                            },
                                                            "weight": 3
                                                        },
                                                        {
                                                            "element": {
                                                                "type": "origins:apply_effect",
                                                                "effect": {
                                                                    "effect": "minecraft:slow_falling",
                                                                    "amplifier": 0,
                                                                    "duration": 1200
                                                                }
                                                            },
                                                            "weight": 3
                                                        },
                                                        {
                                                            "element": {
                                                                "type": "origins:apply_effect",
                                                                "effect": {
                                                                    "effect": "minecraft:absorption",
                                                                    "amplifier": 3,
                                                                    "duration": 3600
                                                                }
                                                            },
                                                            "weight": 2
                                                        },
                                                        {
                                                            "element": {
                                                                "type": "origins:apply_effect",
                                                                "effect": {
                                                                    "effect": "minecraft:speed",
                                                                    "amplifier": 2,
                                                                    "duration": 600
                                                                }
                                                            },
                                                            "weight": 2
                                                        },
                                                        {
                                                            "element": {
                                                                "type": "origins:apply_effect",
                                                                "effect": {
                                                                    "effect": "minecraft:jump_boost",
                                                                    "amplifier": 3,
                                                                    "duration": 2400
                                                                }
                                                            },
                                                            "weight": 2
                                                        },
                                                        {
                                                            "element": {
                                                                "type": "origins:apply_effect",
                                                                "effect": {
                                                                    "effect": "minecraft:invisibility",
                                                                    "amplifier": 0,
                                                                    "duration": 600
                                                                }
                                                            },
                                                            "weight": 2
                                                        },
                                                        {
                                                            "element": {
                                                                "type": "origins:and",
                                                                "actions": [
                                                                    {
                                                                        "type": "origins:play_sound",
                                                                        "sound": "minecraft:entity.enderman.teleport",
                                                                        "volume": 2.0,
                                                                        "pitch": 1
                                                                    },
                                                                    {
                                                                        "type": "origins:execute_command",
                                                                        "command": "particle minecraft:portal ~ ~0.9 ~ 0.2 0.4 0.2 1 15 normal"
                                                                    },
                                                                    {
                                                                        "type": "origins:execute_command",
                                                                        "command": "spreadplayers ~ ~ 1 20 false @s"
                                                                    },
                                                                    {
                                                                        "type": "origins:play_sound",
                                                                        "sound": "minecraft:entity.enderman.teleport",
                                                                        "volume": 2.0,
                                                                        "pitch": 0
                                                                    },
                                                                    {
                                                                        "type": "origins:execute_command",
                                                                        "command": "particle minecraft:reverse_portal ~ ~0.9 ~ 0.2 0.4 0.2 1 15 normal"
                                                                    }
                                                                ]
                                                            },
                                                            "weight": 4
                                                        },
                                                        {
                                                            "element": {
                                                                "type": "origins:grant_power",
                                                                "power": "*:mimic/afflictions/flip",
                                                                "source": "afterlife:mimic/mimicry"
                                                            },
                                                            "weight": 4
                                                        },
                                                        {
                                                            "element": {
                                                                "type": "origins:grant_power",
                                                                "power": "*:mimic/afflictions/reverse",
                                                                "source": "afterlife:mimic/mimicry"
                                                            },
                                                            "weight": 4
                                                        },
                                                        {
                                                            "element": {
                                                                "type": "origins:grant_power",
                                                                "power": "*:mimic/afflictions/wobble",
                                                                "source": "afterlife:mimic/mimicry"
                                                            },
                                                            "weight": 3
                                                        },
                                                        {
                                                            "element": {
                                                                "type": "eggolib:set_perspective",
                                                                "perspective": "third_person_front"
                                                            },
                                                            "weight": 1
                                                        },
                                                        {
                                                            "element": {
                                                                "type": "eggolib:set_perspective",
                                                                "perspective": "third_person_back"
                                                            },
                                                            "weight": 1
                                                        }
                                                    ]
                                                }
                                            }
                                        ]
                                    },
                                    "bientity_condition": {
                                        "type": "origins:target_condition",
                                        "condition": {
                                            "type": "origins:and",
                                            "conditions": [
                                                {
                                                    "type": "origins:living"
                                                },
                                                {
                                                    "type": "origins:entity_type",
                                                    "entity_type": "minecraft:armor_stand",
                                                    "inverted": true
                                                }
                                            ]
                                        }
                                    }
                                }
                            ]
                        }
                    }
                ]
            }
        },
        "condition": {
            "type": "origins:and",
            "conditions": [
                {
                    "type": "origins:resource",
                    "resource": "*:*_form",
                    "comparison": "==",
                    "compare_to": 1
                },
                {
                    "type": "origins:resource",
                    "resource": "*:*_opening",
                    "comparison": "==",
                    "compare_to": 0
                }
            ]
        }
    },
    "name": "Mimicry",
    "description": "You can transform into a chest. When opened, terrible things happen to nearby entities."
}