{
    "type": "origins:multiple",
    "size": {
        "type": "origins:action_on_callback",
        "entity_action_chosen": {
            "type": "origins:and",
            "actions": [
                {
                    "type": "origins:execute_command",
                    "command": "scale delay set pehkui:height 0 @s"
                },
                {
                    "type": "origins:execute_command",
                    "command": "scale delay set pehkui:width 0 @s"
                },
                {
                    "type": "origins:execute_command",
                    "command": "scale delay set pehkui:motion 0 @s"
                },
                {
                    "type": "origins:execute_command",
                    "command": "scale delay set pehkui:jump_height 0 @s"
                },
                {
                    "type": "origins:execute_command",
                    "command": "scale delay set pehkui:step_height 0 @s"
                },
                {
                    "type": "origins:execute_command",
                    "command": "scale set pehkui:height 0.5 @s"
                },
                {
                    "type": "origins:execute_command",
                    "command": "scale set pehkui:width 0.5 @s"
                },
                {
                    "type": "origins:execute_command",
                    "command": "scale set pehkui:motion 0.75 @s"
                },
                {
                    "type": "origins:execute_command",
                    "command": "scale set pehkui:jump_height 1.1 @s"
                },
                {
                    "type": "origins:execute_command",
                    "command": "scale set pehkui:step_height 1.15 @s"
                },
                {
                    "type": "origins:execute_command",
                    "command": "scale persist set true @s"
                }
            ]
        },
        "entity_action_lost": {
            "type": "origins:execute_command",
            "command": "scale reset @s"
        }
    },
    "speed": {
        "type": "origins:attribute",
        "modifier": {
            "attribute": "minecraft:generic.movement_speed",
            "operation": "multiply_total",
            "value": 0.15
        }
    },
    "fall": {
        "type": "origins:prevent_death",
        "damage_condition": {
            "type": "origins:name",
            "name": "fall"
        }
    },
    "name": "Gremlin",
    "description": "You're half as tall as the average person, and can move slightly faster.",
    "badges": [
        {
            "type": "origins:tooltip",
            "sprite": "origins:textures/gui/badge/star.png",
            "text": "You cannot die to fall damage."
        }
    ]
}