{
    "type": "origins:multiple",
    "1": {
        "type": "apugli:modify_enchantment_level",
        "enchantment": "minecraft:lure",
        "modifier": {
            "operation": "addition",
            "value": 1
        }
    },
    "2": {
        "type": "apugli:modify_enchantment_level",
        "enchantment": "minecraft:luck_of_the_sea",
        "modifier": {
            "operation": "addition",
            "value": 1
        }
    },
	"name": "Experienced Fisher",
	"description": "Thanks to being an experienced fisher, you have more luck and lure."
}
