{
    "type": "origins:multiple",
    "scale": {
        "type": "origins:action_on_callback",
        "entity_action_chosen": {
            "type": "origins:and",
            "actions": [
            {
                "type": "origins:execute_command",
                "command": "scale set pehkui:height 0.5 @s"
            },
            {
                "type": "origins:execute_command",
                "command": "scale set pehkui:width 0.5 @s"
            },
            {
                "type": "origins:execute_command",
                "command": "scale persist set true @s"
            }
            ]
        },
        "entity_action_lost": {
            "type": "origins:execute_command",
            "command": "scale reset @s"
        }
    },
    "heart": {
        "type": "origins:attribute",
        "modifier": {
            "attribute": "minecraft:generic.max_health",
            "value": -8,
            "operation": "addition"
        }
    },
    "name": "Small Bodied",
    "description": "You are one block tall and have 6 hearts of health."

}
