{
	"type": "origins:active_self",
	"hud_render": {
		"should_render": true,
		"bar_index": 0,
		"sprite_location": "origins:textures/gui/community/huang/resource_bar_01.png"
	},
	"cooldown": 200,
	"key": {
		"key": "key.origins.secondary_active"
	},
	"entity_action": {
		"type": "origins:and",
		"actions": [{
				"type": "origins:raycast",
				"distance": 10,
				"block": true,
				"entity": true,
				"shape_type": "visual",
				"fluid_handling": "any",
				"bientity_action": {
					"type": "origins:target_action",
					"action": {
						"type": "origins:damage",
						"amount": 6,
						"source": {
							"name": "magic",
							"fire": true,
							"bypasses_armor": true
						}
					}
				},
				"command_along_ray": "particle dust 0 0 0 1 ~ ~ ~ 0.1 0.1 0.1 0 8 normal",
				"command_step": 1
			}
		]
	},
	"name": "Shadow Bolt",
	"description": "A simple yet effective short distance beam that will hit anyone and take away 3 hearts of damage."
}