{
    "type": "origins:conditioned_attribute",
    "modifiers": [
		{
			"attribute": "minecraft:generic.movement_speed",
			"operation": "multiply_base",
			"value": -0.15
		},
		{
			"attribute": "minecraft:generic.attack_damage",
			"operation": "addition",
			"value": -4,
			"name": "Increased sprinting speed"
		}
	],
    "tick_rate": 1,
    "condition": {
		"type": "origins:biome",
		"condition": {
			"type": "origins:temperature",
			"comparison": "<",
			"compare_to": 0.4
		}
    },
	"name": "Freezing Point",
	"description": "In biomes below 0.3 temperature, you have Weakness and Slowness."
}