 {
    "invisibility": {
        "type": "origins:invisibility",
        "condition": {
            "type": "origins:resource",
			"compare_to": 0,
			"comparison": "!=",
			"resource": "afterlife:dfairy/invisibility_cooldown_bar"
        },
        "render_armor": false
    },
    "damage": {
        "type": "origins:modify_damage_dealt",
        "modifier": {
            "operation": "multiply_total",
            "value": -1
        },
        "condition": {
            "type": "origins:resource",
			"compare_to": 0,
			"comparison": "!=",
			"resource": "afterlife:dfairy/invisibility_cooldown_bar"
          }
    },
    "damage2": {
        "type": "origins:modify_damage_taken",
        "modifier": {
            "operation": "multiply_total",
            "value": -1
        },
        "condition": {
            "type": "origins:resource",
			"compare_to": 0,
			"comparison": "!=",
			"resource": "afterlife:dfairy/invisibility_cooldown_bar"
          }
    },
    "block": {
        "type": "origins:prevent_block_selection",
        "condition": {
            "type": "origins:resource",
			"compare_to": 0,
			"comparison": "!=",
			"resource": "afterlife:fairy/invisibility_cooldown_bar"
        }
    },
    "block2": {
        "type": "origins:prevent_block_use",
        "block_condition": {
            "type": "origins:hardness",
            "comparison": ">=",
            "compare_to": 0
        },
		"condition": {
            "type": "origins:resource",
			"compare_to": 0,
			"comparison": "!=",
			"resource": "afterlife:fairy/invisibility_cooldown_bar"
        }
    },
    "item": {
        "type": "origins:prevent_item_use",
		"condition": {
            "type": "origins:resource",
			"compare_to": 0,
			"comparison": "!=",
			"resource": "afterlife:dfairy/invisibility_cooldown_bar"
        }
    },
	"type": "origins:multiple",
	"name": "Shadow Embrace",
	"description": "You can turn into an invisible entity that cannot interact with entities or blocks and cannot be interacted with.",
	"badges": [{
			"type": "origins:tooltip",
			"sprite": "minecraft:textures/item/clock_00.png",
			"text": "You can be invisible for 15 seconds. After that, have a 70 second cooldown."
		},
		{
			"type": "origins:keybind",
			"sprite": "origins:textures/gui/badge/active.png",
			"text": "Use %s to trigger invisibility."
		}
	],
	"cooldown_bar": {
		"type": "origins:cooldown",
		"cooldown": 300,
		"hud_render": {
			"should_render": true,
			"bar_index": 16,
			"sprite_location": "origins:textures/gui/community/spiderkolo/resource_bar_01.png"
		}
	},
	"cooldown_bar2": {
		"type": "origins:cooldown",
		"cooldown": 900,
		"hud_render": {
			"should_render": true,
			"bar_index": 14,
			"sprite_location": "origins:textures/gui/community/huang/resource_bar_02.png"
		}
    },
	"cooldown_bar_activate_over_time": {
		"type": "origins:action_over_time",
		"interval": 1,
		"rising_action": {
            "type": "origins:and",
            "actions": [
                {                    
			        "type": "apoli:trigger_cooldown",
			        "power": "afterlife:dfairy/invisibility_cooldown_bar2"
                }
            ]
		},
		"condition": {
			"type": "origins:resource",
			"compare_to": 1,
			"comparison": "==",
			"resource": "afterlife:dfairy/invisibility_cooldown_bar"
		}
	},
	"cooldown_bar_activate_button": {
		"type": "origins:active_self",
		"entity_action": {
            "type": "origins:and",
            "actions": [
                {
                    "type": "origins:trigger_cooldown",
                    "power": "afterlife:dfairy/invisibility_cooldown_bar"
                }
            ]
		},
		"hud_render": {
			"should_render": false
        },
		"cooldown": 1100,
		"key": {
			"key": "key.origins.primary_active"
		}
    }
}