{
	"type": "origins:multiple",
	"flame": {
		"type": "origins:damage_over_time",
		"interval": 20,
		"onset_delay": 1,
		"damage": 1,
		"damage_easy": 1,
		"damage_source": {
			"name": "fire",
			"unblockable": true,
			"bypasses_armor": true
		},
		"protection_enchantment": "minecraft:fire_protection",
		"protection_effectiveness": 1.0,
		"condition": {
			"type": "origins:and",
			"conditions": [
				{
					"type": "origins:biome",
					"condition": {
						"type": "origins:temperature",
						"comparison": ">=",
						"compare_to": 2
					}
				},
				{
					"type": "origins:in_block",
					"block_condition": {
						"type": "origins:in_tag",
						"tag": "afterlife:snow_phasing"					
					},
					"inverted": true
				}
			]
		}
	},
	"hot": {
		"type": "origins:modify_damage_dealt",
		"damage_condition": {
			"type": "origins:fire"
		},
		"modifier": {
			"operation": "multiply_total",
			"value": 1
		}
	},
	"name": "Melting Point",
	"description": "You take double damage in fire and tick damage in hot biomes. Being in snow blocks will prevent damage."
}