{
	"type": "origins:multiple",
	"name": "Snowy Body",
	"badges": [{
		"type": "origins:tooltip",
		"sprite": "origins:textures/gui/badge/info.png",
		"text": "\n+ No frostbite damage\n+ Phase through most snow blocks\n- Has 7 hearts\n- Cannot wear Armour\n= Is 1.25 blocks tall"
	}],
	"health": {
		"type": "origins:attribute",
		"modifier": {
			"attribute": "minecraft:generic.max_health",
			"value": -6.0,
			"operation": "addition"
		}
	},
	"description": "Your body is made of snow - Affecting you in different ways.",
	"no_armour": {
		"type": "origins:restrict_armor",
		"head": {
			"type": "origins:armor_value",
			"comparison": ">=",
			"compare_to": 0
		},
		"chest": {
			"type": "origins:armor_value",
			"comparison": ">=",
			"compare_to": 0
		},
		"legs": {
			"type": "origins:armor_value",
			"comparison": ">=",
			"compare_to": 0
		},
		"feet": {
			"type": "origins:armor_value",
			"comparison": ">=",
			"compare_to": 0
		}
	},
	"frostbite": {
		"type": "origins:invulnerability",
		"damage_condition": {
			"type": "origins:name",
			"name": "freeze"
		}
	},
	"phase": {
		"type": "origins:phasing",
		"render_type": "blindness",
		"view_distance": 5,
		"block_condition": {
			"type": "origins:in_tag",
			"tag": "afterlife:snow_phasing"
		},
		"phase_down_condition": {
			"type": "origins:and",
			"conditions": [{
					"type": "origins:sneaking"
				},
				{
					"type": "origins:on_block"
				}
			]
		}
	},
	"suffocation": {
		"type": "origins:modify_damage_taken",
		"damage_condition": {
			"type": "origins:name",
			"name": "inWall"
		},
		"modifier": {
			"operation": "multiply_total",
			"value": -1,
			"name": "Snow Phasing suffocation immunity"
		},
		"condition": {
			"type": "origins:and",
			"conditions": [{
				"type": "origins:in_block_anywhere",
				"compare_to": 1,
				"comparison": ">=",
				"block_condition": {
					"type": "origins:in_tag",
					"tag": "afterlife:snow_phasing"
				}
			}]
		}
	},
	"overlay": {
		"type": "origins:overlay",
		"texture": "minecraft:textures/misc/powder_snow_outline.png",
		"strength": 0.2,
		"red": 1.0,
		"green": 1.0,
		"blue": 1.0,
		"draw_mode": "texture",
		"draw_phase": "above_hud",
		"visible_in_third_person": true,
		"hide_with_hud": false,
		"condition": {
			"type": "origins:and",
			"conditions": [{
					"type": "origins:in_block",
					"block_condition": {
						"type": "origins:in_tag",
						"tag": "afterlife:snow_phasing"
					}
				},
				{
					"type": "origins:in_block",
					"block_condition": {
						"type": "origins:block",
						"block": "minecraft:snow"
					},
					"inverted": true
				}
			]
		}
	},
	"scale": {
		"type": "origins:action_on_callback",
		"entity_action_chosen": {
			"type": "origins:and",
			"actions": [
			{
				"type": "origins:execute_command",
				"command": "scale set pehkui:height 1.25 @s"
			},
			{
				"type": "origins:execute_command",
				"command": "scale set pehkui:width 1.25 @s"
			},
			{
				"type": "origins:execute_command",
				"command": "scale persist set true @s"
			}
			]
		},
		"entity_action_lost": {
			"type": "origins:execute_command",
			"command": "scale reset @s"
		}
	}
}