{
	"type": "origins:multiple",
  "name": "Home Base",
  "description": "You have a home base - This home base is defined by a lodestone.",
	"flight": {
		"type": "origins:creative_flight",
		"condition": {
			"type": "origins:block_in_radius",
			"block_condition": {
				"type": "origins:block",
				"block": "minecraft:lodestone"
			},
			"radius": 20,
			"shape": "cube",
			"comparison": ">=",
			"compare_to": 1
		}
	},
	"falldamage": {
		"type": "origins:invulnerability",
		"damage_condition": {
			"type": "origins:name",
			"name": "fall"
		},
		"condition": {
			"type": "origins:creative_flying"
		}
	},
	"exhaustion": {
		"type": "origins:modify_exhaustion",
		"modifier": {
			"value": 0.6,
			"operation": "multiply_base"
		},
		"condition": {
			"type": "origins:creative_flying"
		}
	},
	"tools": {
		"type": "apugli:action_on_durability_change",
		"decrease_action": {
			"type": "origins:and",
			"actions": [{
					"type": "origins:equipped_item_action",
					"equipment_slot": "mainhand",
					"action": {
						"type": "origins:damage",
						"amount": -1,
						"ignore_unbreaking": true
					}

				},
				{
					"type": "origins:equipped_item_action",
					"equipment_slot": "offhand",
					"action": {
						"type": "origins:damage",
						"amount": -1,
						"ignore_unbreaking": true
					}

				}
			]
		},
    "condition": {
			"type": "origins:block_in_radius",
			"block_condition": {
				"type": "origins:block",
				"block": "minecraft:lodestone"
			},
			"radius": 20,
			"shape": "cube",
			"comparison": ">=",
			"compare_to": 1
		}
	},
	"mining_speed": {
		"type": "origins:modify_break_speed",
		"modifier": {
			"operation": "multiply_base",
			"value": 0.5
		},
		"condition": {
			"type": "origins:block_in_radius",
			"block_condition": {
				"type": "origins:block",
				"block": "minecraft:lodestone"
			},
			"radius": 20,
			"shape": "cube",
			"comparison": ">=",
			"compare_to": 1
		}
	},
	"start": {
		"type": "origins:starting_equipment",
		"stacks": [
			{
				"item": "minecraft:lodestone"
			}
		]
	}
	
}