{"entity.ender_dragon.ambient":{"sounds":[{"name":"mob\/enderdragon\/growl1","volume":0.05},{"name":"mob\/enderdragon\/growl2","volume":0.05},{"name":"mob\/enderdragon\/growl3","volume":0.05},{"name":"mob\/enderdragon\/growl4","volume":0.05}],"replace":true,"subtitle":"subtitles.entity.ender_dragon.ambient"},"entity.ender_dragon.death":{"sounds":[{"name":"mob\/enderdragon\/end","volume":0.05}],"replace":true,"subtitle":"subtitles.entity.ender_dragon.death"},"entity.ender_dragon.flap":{"sounds":[{"name":"mob\/enderdragon\/wings1","volume":0.05},{"name":"mob\/enderdragon\/wings2","volume":0.05},{"name":"mob\/enderdragon\/wings3","volume":0.05},{"name":"mob\/enderdragon\/wings4","volume":0.05},{"name":"mob\/enderdragon\/wings5","volume":0.05},{"name":"mob\/enderdragon\/wings6","volume":0.05}],"replace":true,"subtitle":"subtitles.entity.ender_dragon.flap"},"entity.ender_dragon.growl":{"sounds":[{"name":"mob\/enderdragon\/growl1","volume":0.05},{"name":"mob\/enderdragon\/growl2","volume":0.05},{"name":"mob\/enderdragon\/growl3","volume":0.05},{"name":"mob\/enderdragon\/growl4","volume":0.05}],"replace":true,"subtitle":"subtitles.entity.ender_dragon.growl"},"entity.ender_dragon.hurt":{"sounds":[{"name":"mob\/enderdragon\/hit1","volume":0.05},{"name":"mob\/enderdragon\/hit2","volume":0.05},{"name":"mob\/enderdragon\/hit3","volume":0.05},{"name":"mob\/enderdragon\/hit4","volume":0.05}],"replace":true,"subtitle":"subtitles.entity.ender_dragon.hurt"},"entity.ender_dragon.shoot":{"sounds":[{"name":"mob\/ghast\/fireball4","volume":0.05}],"replace":true,"subtitle":"subtitles.entity.ender_dragon.shoot"},"entity.enderman.ambient":{"sounds":[{"name":"mob\/endermen\/idle1","volume":0.05},{"name":"mob\/endermen\/idle2","volume":0.05},{"name":"mob\/endermen\/idle3","volume":0.05},{"name":"mob\/endermen\/idle4","volume":0.05},{"name":"mob\/endermen\/idle5","volume":0.05}],"replace":true,"subtitle":"subtitles.entity.enderman.ambient"},"entity.enderman.death":{"sounds":[{"name":"mob\/endermen\/death","volume":0.05}],"replace":true,"subtitle":"subtitles.entity.enderman.death"},"entity.enderman.hurt":{"sounds":[{"name":"mob\/endermen\/hit1","volume":0.05},{"name":"mob\/endermen\/hit2","volume":0.05},{"name":"mob\/endermen\/hit3","volume":0.05},{"name":"mob\/endermen\/hit4","volume":0.05}],"replace":true,"subtitle":"subtitles.entity.enderman.hurt"},"entity.enderman.scream":{"sounds":[{"name":"mob\/endermen\/scream1","volume":0.05},{"name":"mob\/endermen\/scream2","volume":0.05},{"name":"mob\/endermen\/scream3","volume":0.05},{"name":"mob\/endermen\/scream4","volume":0.05}],"replace":true,"subtitle":"subtitles.entity.enderman.scream"},"entity.enderman.stare":{"sounds":[{"name":"mob\/endermen\/stare","volume":0.05}],"replace":true,"subtitle":"subtitles.entity.enderman.stare"},"entity.enderman.teleport":{"sounds":[{"name":"mob\/endermen\/portal","volume":0.05},{"name":"mob\/endermen\/portal2","volume":0.05}],"replace":true,"subtitle":"subtitles.entity.enderman.teleport"},"entity.generic.explode":{"sounds":[{"name":"random\/explode1","volume":0.05},{"name":"random\/explode2","volume":0.05},{"name":"random\/explode3","volume":0.05},{"name":"random\/explode4","volume":0.05}],"replace":true,"subtitle":"subtitles.entity.generic.explode"}}