{
	"type": "origins:multiple",
	"duration": {
		"type": "origins:resource",
		"min": 0,
		"max": 60,
		"start_value": 60,
		"hud_render": {
			"should_render": false
		}
	},
	"tick": {
		"type": "origins:action_over_time",
		"interval": 10,
		"entity_action": {
			"type": "origins:change_resource",
			"resource": "*:*_duration",
			"change": -2
		}
	},
	"remove": {
		"type": "origins:action_over_time",
		"interval": 2,
		"rising_action": {
			"type": "origins:revoke_power",
			"power": "afterlife:mimic/afflictions/flip",
			"source": "afterlife:mimic/mimicry"
		},
		"condition": {
			"type": "origins:resource",
			"resource": "*:*_duration",
			"comparison": "==",
			"compare_to": 0
		}
	},
    "shader": {
        "type": "origins:shader",
        "shader": "minecraft:shaders/post/flip.json"
    },
    "eggolib_compat_ebcause_eggo_beat_friday_in_making_a_funny_upsidedown_person_and_he_is_totally_the_maddest": {
        "type": "eggolib:model_flip"
    },
	"particles": {
		"type": "origins:particle",
		"particle": "minecraft:firework",
		"frequency": 3
	},
	"hidden": true
}