{
    "type": "origins:active_self",
    "cooldown": 50,
    "hud_render": {
        "sprite_location": "origins:textures/gui/community/spiderkolo/resource_bar_03.png",
        "bar_index": 23,
        "should_render": true
    },
    "entity_action": {
        "type": "origins:and",
        "actions": [
            {
                "type": "origins:add_velocity",
                "space": "local",
                "z": 0.65
            },
			{
				"type": "origins:play_sound",
				"sound": "minecraft:entity.parrot.fly",
				"volume": 0.9,
				"pitch": 1
			},
			{
				"type": "origins:delay",
				"ticks": 5,
				"action": {
					"type": "origins:play_sound",
					"sound": "minecraft:entity.parrot.fly",
					"volume": 0.7,
					"pitch": 0.7
				}
			}
        ]
    },
    "key": {
        "key": "key.origins.primary_active",
        "continuous": true
    },
    "name": "Gale Wings",
    "description": "You can propel yourself forwards a small amount.",
    "badges": [
        {
            "type": "origins:tooltip",
            "sprite": "origins:textures/gui/badge/active.png",
            "text": ["Active ability, use with [", {"keybind": "key.origins.primary_active"}, "]. 7 second cooldown."]
        }
    ]
}