{
    "type": "origins:stacking_status_effect",
    "min_stacks": -20,
    "max_stacks": 361,
    "duration_per_stack": 10,
    "effects": [
        {
            "effect": "minecraft:weakness",
            "is_ambient": true,
            "show_particles": false,
            "show_icon": true
        },
        {
            "effect": "minecraft:slowness",
            "is_ambient": true,
            "show_particles": false,
            "show_icon": true
        }
    ],
    "condition": {
        "type": "origins:exposed_to_sky",
        "inverted": true
    },
    "name": "Fresh Air",
    "description": "You are enfeebled when not exposed to the sky."
}