{
    "type": "origins:restrict_armor",
    "head": {
        "type": "origins:ingredient",
        "ingredient": {
            "item": "minecraft:golden_helmet"
        },
        "inverted": true
    },
    "chest": {
        "type": "origins:ingredient",
        "ingredient": {
            "item": "minecraft:golden_chestplate"
        },
        "inverted": true
    },
    "legs": {
        "type": "origins:ingredient",
        "ingredient": {
            "item": "minecraft:golden_leggings"
        },
        "inverted": true
    },
    "feet": {
        "type": "origins:ingredient",
        "ingredient": {
            "item": "minecraft:golden_boots"
        },
        "inverted": true
    },
    "name": "Embellished Egotism",
    "description": "You can only wear golden armor."
}