{
    "type": "origins:multiple",
    "active": {

        "type": "origins:active_self",
        "cooldown": 5,
        "hud_render": {
            "should_render": false
        },
        "entity_action": {
            "type": "origins:if_else",
            "condition": {
                "type": "origins:passenger",
                "comparison": "==",
                "compare_to": 0
            },
            "if_action": {
                "type": "origins:raycast",
                "distance": 4,
                "bientity_condition": {
                    "type": "origins:target_condition",
                    "condition": {
                        "type": "origins:and",
                        "conditions": [
                            {
                                "type": "origins:living"
                            },
                            {
                                "type": "origins:entity_type",
                                "entity_type": "minecraft:armor_stand",
                                "inverted": true
                            },
                            {
                                "type": "origins:entity_type",
                                "entity_type": "minecraft:ender_dragon",
                                "inverted": true
                            },
                            {
                                "type": "origins:entity_type",
                                "entity_type": "minecraft:wither",
                                "inverted": true
                            }
                        ]
                    }
                },
                "bientity_action": {
                    "type": "origins:invert",
                    "action": {
                        "type": "origins:mount"
                    }
                }
            },
            "else_action": {
                "type": "origins:passenger_action",
                "action": {
                    "type": "origins:dismount"
                }
            }
        },
        "key": {
            "key": "key.origins.secondary_active"
        }
    },
    "resist": {
        "type": "origins:modify_damage_taken",
        "modifier": {
            "operation": "multiply_total",
            "value": -0.5
        },
        "bientity_condition": {
            "type": "origins:invert",
            "condition": {
                "type": "origins:riding"
            }
        }
    },
    "name": "Claw Grip",
    "description": "You can pick up mobs.",
    "badges": [
        {
            "type": "origins:tooltip",
            "sprite": "origins:textures/gui/badge/active.png",
            "text": ["Active ability, use with [", {"keybind": "key.origins.secondary_active"}, "]. Use again to drop the mob."]
        }
    ]
}