{
  "type": "origins:active_self",
  "entity_action": {
    "type": "origins:if_else",
    "condition": {
      "type": "origins:sneaking"
    },
    "if_action": {
      "type": "origins:and",
      "actions": [
        {
          "type": "origins:spawn_entity",
          "entity_type": "minecraft:marker",
          "tag": "{Tags:[\"afterlife.marker\"]}"
        },
        {
          "type": "origins:spawn_particles",
          "particle": {
            "type": "minecraft:dust",
            "params": ".3 .9 .9 1"
          },
          "count": 30,
          "speed": 0.05,
          "spread": {
            "x": 0.2,
            "y": 0.4,
            "z": 0.2
          }
        },
        {
					"type": "origins:play_sound",
					"sound": "minecraft:entity.enderman.teleport",
					"volume": 4.0,
					"pitch": 0
				},
        {
          "type": "origins:exhaust",
          "amount": 25
        },
        {
          "type": "origins:execute_command",
          "command": "tp @s @e[limit=1,tag=afterlife.marked]"
        },
        {
					"type": "origins:play_sound",
					"sound": "minecraft:entity.enderman.teleport",
					"volume": 4.0,
					"pitch": 1
				},
        {
          "type": "origins:spawn_entity",
          "entity_type": "minecraft:marker",
          "tag": "{Tags:[\"afterlife.marker\"]}"
        },
        {
          "type": "origins:spawn_particles",
          "particle": {
            "type": "minecraft:dust",
            "params": "1 .6 0 1"
          },
          "count": 30,
          "speed": 0.05,
          "spread": {
            "x": 0.2,
            "y": 0.4,
            "z": 0.2
          }
        },
        {
          "type": "origins:execute_command",
          "command": "tp @e[limit=1,tag=afterlife.marked] @e[limit=1,tag=afterlife.marker]"
        },
        {
          "type": "origins:execute_command",
          "command": "tag @e remove afterlife.marked"
        },
        {
          "type": "origins:execute_command",
          "command": "kill @e[tag=afterlife.marker]"
        }
      ]
    },
    "else_action": {
      "type": "origins:raycast",
      "distance": 100,
      "entity": true,
      "block": true,
      "bientity_action": {
        "type": "origins:target_action",
        "action": {
          "type": "origins:execute_command",
          "command": "tag @s add afterlife.marked"
        }
      },
      "command_at_hit": "particle minecraft:dust 1 .6 0 1 ~ ~ ~ 0 0 0 1 20 normal"
    }
  },
  "cooldown": 100,
  "hud_render":{
    "should_render": true,
    "sprite_location": "origins:textures/gui/community/spiderkolo/resource_bar_03.png",
		"bar_index": 7
  },  
  "key": {
    "key": "key.origins.secondary_active"
  },
  "condition": {
    "type": "origins:raycast",
    "distance": 100,
    "entity": true
  },
  "badges": [
    {
      "type": "origins:tooltip",
      "sprite": "origins:textures/gui/badge/active.png",
      "text": ["To mark someone, use [", {"keybind": "key.origins.secondary_active"}, "] to swap, press it again while sneaking."]
    }
  ],
  "name": "Hotswap",
  "description": "You can mark someone you're looking at, and then swap places with them."
}