{
    "type": "origins:multiple",
    "set": {
        "type": "origins:active_self",
        "entity_action": {
            "type": "origins:and",
            "actions": [
                {
                    "type": "origins:execute_command",
                    "command": "execute store result score @s t.x run data get entity @s Pos[0] 1"
                },
                {
                    "type": "origins:execute_command",
                    "command": "execute store result score @s t.y run data get entity @s Pos[1] 1"
                },
                {
                    "type": "origins:execute_command",
                    "command": "execute store result score @s t.z run data get entity @s Pos[2] 1"
                },
                {
                    "type": "origins:execute_command",
                    "command": "tellraw @s {\"text\":\"Waypoint Set!\",\"color\":\"gold\"}"
                },
                {
                    "type": "origins:execute_command",
                    "command": "playsound minecraft:block.portal.trigger player @s ~ ~ ~ 0.5 2"
                },
                {
                    "type": "origins:execute_command",
                    "command": "particle minecraft:dust 0 1 1 1 ~ ~1 ~ 0.45 0.6 0.45 0.1 30 normal"
                }
            ]
        },
        "condition": {
            "type": "origins:sneaking",
            "inverted": true
        },
        "cooldown": 60,
        "hud_render": {
            "should_render": false
        },
        "key": {
            "key": "key.saveToolbarActivator"
        }
    },
    "teleport": {
        "type": "origins:active_self",
        "entity_action": {
            "type": "origins:and",
            "actions": [
                {
                    "type": "origins:execute_command",
                    "command": "summon area_effect_cloud ~ ~0.1 ~ {Radius:0f,Duration:60,Tags:[\"afterlife.particles\"]}"
                },
                {
                    "type": "origins:execute_command",
                    "command": "effect give @s minecraft:slowness 3 6 true"
                },
                {
                    "type": "origins:execute_command",
                    "command": "effect give @s minecraft:jump_boost 3 230 true"
                },
                {
                    "type": "origins:execute_command",
                    "command": "playsound minecraft:block.portal.ambient player @a ~ ~ ~ 0.5 2"
                },
                {
                    "type": "origins:delay",
                    "ticks": 45,
                    "action": {
                        "type": "origins:and",
                        "actions": [
                            {
                                "type": "origins:execute_command",
                                "command": "particle minecraft:dust 0 0 0 10 ~ ~1 ~ 0.25 0.4 0.25 0.1 100 normal"
                            },
                            {
                                "type": "origins:execute_command",
                                "command": "particle minecraft:dust 1 .6 0 2 ~ ~1 ~ 0.45 0.6 0.45 0.1 100 normal"
                            },
                            {
                                "type": "origins:execute_command",
                                "command": "function afterlife:transporter/teleport"
                            },
                            {
                                "type": "origins:execute_command",
                                "command": "particle minecraft:dust 0 0 0 10 ~ ~1 ~ 0.25 0.4 0.25 0.1 100 normal"
                            },
                            {
                                "type": "origins:execute_command",
                                "command": "particle minecraft:dust 0 1 1 2 ~ ~1 ~ 0.45 0.6 0.45 0.1 100 normal"
                            },
                            {
                                "type": "origins:execute_command",
                                "command": "execute at @e[type=minecraft:area_effect_cloud,tag=timeline] run tp @a ~ ~ ~"
                            },
                            {
                                "type": "origins:execute_command",
                                "command": "playsound minecraft:block.portal.travel player @a ~ ~ ~ 0.5 2"
                            }
                        ]
                    }
                }
            ]
        },
        "condition": {
            "type": "origins:sneaking"
        },
        "key": {
            "key": "key.saveToolbarActivator"
        },
        "cooldown": 400,
        "hud_render": {
            "should_render": true,
            "sprite_location": "origins:textures/gui/community/spiderkolo/resource_bar_03.png",
            "bar_index": 8
        },
        "badges": [
            {
                "type": "origins:tooltip",
                "sprite": "origins:textures/gui/badge/active.png",
                "text": "%s to set waypoint, Shift + %s to teleport."
            }
        ]
    },
    "name": "Wayfinder",
    "description": "Set waypoints that you can later teleport you and several others to."
}