{
	"type": "origins:active_self",
	"entity_action": {
		"type": "origins:raycast",
		"distance": 20,
		"block": false,
		"entity": true,
		"shape_type": "outline",
		"fluid_handling": "any",
		"miss_action": {
			"type": "origins:and",
			"actions": [
				{
					"type": "origins:execute_command",
					"command": "tp @s ^ ^ ^20"
				},
				{
					"type": "origins:play_sound",
					"sound": "minecraft:entity.enderman.teleport",
					"volume": 4.0,
					"pitch": 0
				},
				{
					"type": "origins:execute_command",
					"command": "particle minecraft:dust .3 .9 .9 1 ~ ~0.9 ~ .25 .35 .25 1 40 normal"
				},
				{
					"type": "origins:execute_command",
					"command": "particle minecraft:dust 0 0 0 1 ~ ~0.9 ~ .15 .25 .15 0.25 40 normal"
				}
			]
		},
		"hit_action": {
			"type": "origins:and",
			"actions": [
				{
					"type": "origins:play_sound",
					"sound": "minecraft:entity.enderman.teleport",
					"volume": 4.0,
					"pitch": 0
				},
				{
					"type": "origins:execute_command",
					"command": "particle minecraft:dust .3 .9 .9 1 ~ ~0.9 ~ .25 .35 .25 1 40 normal"
				},
				{
					"type": "origins:execute_command",
					"command": "particle minecraft:dust 0 0 0 1 ~ ~0.9 ~ .15 .25 .15 0.25 40 normal"
				}
			]
		},
    "before_action": {
      "type": "origins:and",
			"actions": [
				{
					"type": "origins:execute_command",
					"command": "effect give @s minecraft:resistance 3 50 true"
				},
				{
					"type": "origins:play_sound",
					"sound": "minecraft:entity.enderman.teleport",
					"volume": 4.0,
					"pitch": 1
				},
				{
          "type": "origins:exhaust",
          "amount": 10
        },
				{
					"type": "origins:chance",
					"action": {
						"type": "origins:apply_effect",
						"effect": {
							"effect": "minecraft:nausea",
							"duration": 100
						}
					},
					"chance": 0.40
				},
				{
					"type": "origins:chance",
					"action": {
						"type": "origins:apply_effect",
						"effect": {
							"effect": "minecraft:slowness",
							"duration": 100
						}
					},
					"chance": 0.50
				},
				{
					"type": "origins:execute_command",
					"command": "particle minecraft:dust 0 0 0 1 ~ ~0.9 ~ .15 .25 .15 0.25 40 normal"
				},
				{
					"type": "origins:execute_command",
					"command": "particle minecraft:dust 1 .6 0 1 ~ ~0.9 ~ .15 .25 .15 0.25 40 normal"
				}
			]
    },
		"command_at_hit": "tp @s ~ ~ ~"
	},
  "cooldown": 100,
  "key": {
    "key": "key.origins.primary_active"
  },
  "hud_render": {
    "should_render": true,
		"sprite_location": "origins:textures/gui/resource_bar.png",
		"bar_index": 6
  },
  "badges": [
		{
			"type": "origins:tooltip",
			"sprite": "origins:textures/gui/badge/active.png",
			"text": ["Active ability, use with [", {"keybind": "key.origins.primary_active"}, "]."]
		},
		{
      "type": "origins:tooltip",
      "sprite": "origins:textures/gui/badge/info.png",
      "text": "20 block limit"
    }
  ],
  "name": "Quickrift",
	"description": "Make a quick rift to teleport to a nearby location."
}