{
  "type": "origins:restrict_armor",
  "head": {
    "type": "origins:armor_value",
    "comparison": ">",
    "compare_to": 2
  },
  "chest": {
    "type": "origins:armor_value",
    "comparison": ">",
    "compare_to": 6
  },
  "legs": {
    "type": "origins:armor_value",
    "comparison": ">",
    "compare_to": 5
  },
  "feet": {
    "type": "origins:armor_value",
    "comparison": ">",
    "compare_to": 2
  },
  "badges": [
    {
      "type": "origins:tooltip",
      "sprite": "origins:textures/gui/badge/info.png",
      "text": "Armors heavier then iron cannot be worn."
    }
  ],
  "name": "Heavyload",
  "description": "To be able to teleport, your particles must be in less density, therefore you can't wear heavier armors."
}