{
	"type": "origins:multiple",
	"hunger": {
		"type": "origins:action_over_time",
		"entity_action": {
			"type": "origins:feed",
			"food": -1,
			"saturation": 0
		},
		"interval": 1,
		"condition": {
			"type": "origins:food_level",
			"compare_to": 2,
			"comparison": "!="
		}
	},
	"remove": {
		"type": "origins:action_over_time",
		"condition": {
			"type": "origins:food_level",
			"compare_to": 2,
			"comparison": "=="
		},
		"rising_action": {
			"type": "origins:execute_command",
			"command": "power remove @s afterlife:lightmancer/hunger"
		},
		"interval": 1
	}
}