{
	"type": "origins:multiple",
	"name": "Beam of Light",
	"description": "By manipulating light, you can shoot a deadly beam.",
	"badges": [{
		"type": "origins:tooltip",
		"sprite": "minecraft:textures/particle/heart.png",
		"text": "Deals 6 hearts of damage. However it weakens and slows the player down."
	},
	{
		"type": "origins:keybind",
		"sprite": "origins:textures/gui/badge/active.png",
		"text": "Use %s and shift to shoot beam. Has 40 second cooldown and shoots up to 20 blocks."
	},
	{
		"type": "origins:tooltip",
		"sprite": "minecraft:textures/mob_effect/hunger.png",
		"text": "Reduces hunger to one bar of hunger"
	}
],
	"beam": {
		"type": "origins:active_self",
		"hud_render": {
			"should_render": true,
			"bar_index": 2
		},
		"cooldown": 800,
		"key": {
			"key": "key.origins.secondary_active"
		},
		"entity_action": {
			"type": "origins:and",
			"actions": [{
					"type": "origins:raycast",
					"distance": 20,
					"block": true,
					"entity": true,
					"shape_type": "visual",
					"fluid_handling": "any",
					"bientity_action": {
						"type": "origins:target_action",
						"action": {
							"type": "origins:damage",
							"amount": 14,
							"source": {
								"name": "magic",
								"fire": true,
								"bypasses_armor": true
							}
						}
					},
					"command_along_ray": "particle dust 0.88 0.93 0.11 1 ~ ~1 ~ 0.1 0.1 0.1 0 8 normal",
					"command_step": 1
	
				},
				{
					"type": "origins:execute_command",
					"command": "power grant @s afterlife:lightmancer/weakness"
				},
				{
					"type": "origins:execute_command",
					"command": "power grant @s afterlife:lightmancer/hunger"
				}
			]
		},
		"condition": {
			"type": "origins:and",
			"conditions": [
				{
					"type": "origins:brightness",
					"comparison": ">",
					"compare_to": 0.03703704
				},
				{
					"type": "origins:sneaking"
				}
			]
		}
	},
	"remove_weakness": {
		"type": "origins:action_over_time",
		"entity_action": {
			"type": "origins:execute_command",
			"command": "power remove @s afterlife:lightmancer/weakness"
		},
		"interval": 1,
		"condition": {
			"type": "origins:exposed_to_sun"
		}
	}
}