{
	"type": "origins:multiple",
	"name": "Light's Snare",
	"description": "You can dispense a beam of light that traps anyone in a 5 block radius for 5 seconds.",
	"badges": [
	{
		"type": "origins:keybind",
		"sprite": "origins:textures/gui/badge/active.png",
		"text": "Use %s to shoot trap. Has a 15 second cooldown and shoots up to 20 block."
	}
],
	"beam": {
		"type": "origins:active_self",
		"hud_render": {
			"should_render": true,
			"bar_index": 8,
			"sprite_location": "origins:textures/gui/community/spiderkolo/resource_bar_02.png"
		},
		"cooldown": 300,
		"key": {
			"key": "key.origins.secondary_active"
		},
		"entity_action": {
			"type": "origins:and",
			"actions": [{
					"type": "origins:raycast",
					"distance": 20,
					"block": true,
					"entity": true,
					"shape_type": "visual",
					"fluid_handling": "any",
					"bientity_action": {
						"type": "origins:target_action",
						"action": {
							"type": "origins:and",
							"actions": [
								{
									"type": "origins:execute_command",
							"command": "power grant @s afterlife:lightmancer/slowness"
								},
								{
									"type": "origins:execute_command",
							"command": "power grant @e[distance=0.01..5,tag=!lightmancer] afterlife:lightmancer/slowness"
								},
								{
									"type": "origins:execute_command",
							"command": "power grant @s afterlife:lightmancer/snare_2"
								},
								{	
									"type": "origins:delay",
									"action": {	
										"type": "origins:execute_command",
										"command": "summon lightning_bolt ~ ~ ~"
									},
									"ticks": 2
								}
							]
						}
					}	
				}
			]
		},
		"condition": {
			"type": "origins:and",
			"conditions": [
				{
					"type": "origins:brightness",
					"comparison": ">",
					"compare_to": 0.03703704
				},
				{
					"type": "origins:sneaking",
					"inverted": true
				}
			]
		}
	}
}