{
	"type": "origins:multiple",
	"immunity": {
		"type": "origins:invulnerability",
		"damage_condition": {
			"type": "origins:name",
			"name": "lightningBolt"
		}
	},
	"remove": {
		"type": "origins:action_on_callback",
		"entity_action_gained": {
			"type": "origins:and",
			"actions": [
				{
					"type": "origins:delay",
					"ticks": 10,
					"action": {
						"type": "origins:execute_command",
						"command": "power remove @s afterlife:lightmancer/snare_2"
					}
				},
				{
					"type": "origins:delay",
					"ticks": 9,
					"action": {
						"type": "origins:extinguish"
					}	
				},
				{
					"type": "origins:delay",
					"ticks": 5,
					"action": {
						"type": "origins:execute_command",
						"command": "fill ~2 ~2 ~2 ~-2 ~-2 ~-2 air replace minecraft:fire"
					}
				}
			]
		}
	}
}