{
	"type": "origins:multiple",
	"name": "Spark of Light",
	"description": "You can turn into a spark of light that flies and roams the earth.",
	"badges": [{
			"type": "origins:tooltip",
			"sprite": "minecraft:textures/item/clock_00.png",
			"text": "You can fly for 10 seconds. After that, you cannot use your ability for 45 more seconds."
		},
		{
			"type": "origins:keybind",
			"sprite": "origins:textures/gui/badge/active.png",
			"text": "Use %s to trigger flight."
		}
	],
	"cooldown_bar": {
		"type": "origins:cooldown",
		"cooldown": 200,
		"hud_render": {
			"should_render": true,
			"bar_index": 14,
			"sprite_location": "origins:textures/gui/community/huang/resource_bar_01.png"
		}
	},
	"cooldown_bar2": {
		"type": "origins:cooldown",
		"cooldown": 200,
		"hud_render": {
			"should_render": true,
			"bar_index": 20,
			"sprite_location": "origins:textures/gui/community/huang/resource_bar_02.png"
		}
    },
    "particles": {
        "type": "origins:action_over_time",
        "condition": {
            "type": "origins:resource",
            "compare_to": 0,
            "comparison": "!=",
            "resource": "afterlife:lightmancer/spark_flight_cooldown_bar"
        },
        "entity_action": {
            "type": "origins:and",
            "actions": [
                {
                    "type": "origins:execute_command",
                    "command": "particle dust 0.88 0.93 0.11 1 ~ ~1 ~ 0.1 0.1 0.1 0 8 normal"
                },
                {
                    "type": "origins:execute_command",
                    "command": "particle end_rod ~ ~1 ~ 0.5 0.5 0.5 0 3 force"
                }
            ]
        },
        "interval": 2
    },
	"cooldown_bar_activate_over_time": {
		"type": "origins:action_over_time",
		"interval": 1,
		"rising_action": {
            "type": "origins:and",
            "actions": [
                {
                    "type": "origins:execute_command",
                    "command": "particle totem_of_undying ~ ~1 ~ 0.88 0.75 0.1 0.55 200 normal"
                },
                {
                    "type": "origins:execute_command",
                    "command": "particle end_rod ~ ~1 ~ 0.1 0.1 0.1 0.1 50 normal"
                },
                {                    
			        "type": "apoli:trigger_cooldown",
			        "power": "afterlife:lightmancer/spark_flight_cooldown_bar2"
                }
            ]
		},
		"condition": {
			"type": "origins:resource",
			"compare_to": 1,
			"comparison": "==",
			"resource": "afterlife:lightmancer/spark_flight_cooldown_bar"
		}
	},
	"cooldown_bar_activate_button": {
		"type": "origins:active_self",
		"entity_action": {
            "type": "origins:and",
            "actions": [
                {
                    "type": "origins:trigger_cooldown",
                    "power": "afterlife:lightmancer/spark_flight_cooldown_bar"
                },
                {
                    "type": "origins:execute_command",
                    "command": "particle totem_of_undying ~ ~1 ~ 0.88 0.75 0.1 0.55 100 normal"
                },
                {
                    "type": "origins:execute_command",
                    "command": "particle end_rod ~ ~1 ~ 0.1 0.1 0.1 0.1 50 normal"
                }
            ]
		},
		"hud_render": {
			"should_render": false
		},
		"condition": {
			"type": "origins:brightness",
			"comparison": ">",
			"compare_to": 0.03703704
		},
		"cooldown": 400,
		"key": {
			"key": "key.origins.primary_active"
		}
	},
	"flight": {
		"type": "origins:swimming",
		"condition": {
			"type": "origins:resource",
			"compare_to": 0,
			"comparison": "!=",
			"resource": "afterlife:lightmancer/spark_flight_cooldown_bar"
		}
	},
    "invisibility": {
        "type": "origins:invisibility",
        "render_armor": false,
        "condition": {
            "type": "origins:resource",
            "compare_to": 0,
            "comparison": "!=",
            "resource": "afterlife:lightmancer/spark_flight_cooldown_bar"
        }
    },
	"slow_falling": {
		"type": "origins:modify_falling",
		"velocity": 0,
		"take_fall_damage": false,
		"condition": {
			"type": "origins:and",
			"conditions": [{
					"type": "origins:resource",
					"compare_to": 0,
					"comparison": "!=",
					"resource": "afterlife:lightmancer/spark_flight_cooldown_bar"
				},
				{
					"type": "origins:sneaking",
					"inverted": true
				}
			]
		}
	},
	"slow_falling_2": {
		"type": "origins:modify_falling",
		"velocity": 0.05,
		"take_fall_damage": false,
		"condition": {
			"type": "origins:and",
			"conditions": [{
					"type": "origins:resource",
					"compare_to": 0,
					"comparison": "!=",
					"resource": "afterlife:lightmancer/spark_flight_cooldown_bar"
				},
				{
					"type": "origins:sneaking"
				}
			]
		}
	},
	"faster_flight": {
		"type": "origins:modify_velocity",
		"axes": [
			"z",
			"x"
		],
		"modifier": {
			"operation": "multiply_total",
			"value": 0.50
		},
		"condition": {
			"type": "origins:resource",
			"compare_to": 0,
			"comparison": "!=",
			"resource": "afterlife:lightmancer/spark_flight_cooldown_bar"
		}
	},
	"infinity_and_beyond": {
		"type": "origins:active_self",
		"cooldown": 1,
		"entity_action": {
			"type": "origins:add_velocity",
			"y": 0.1
		},
		"key": {
			"key": "key.jump",
			"continuous": true
		},
		"condition": {
			"type": "origins:resource",
			"compare_to": 0,
			"comparison": "!=",
			"resource": "afterlife:lightmancer/spark_flight_cooldown_bar"
		}
	}
}