{
	"type": "origins:multiple",
	"name": "Void of Light",
	"description": "Under light level one, you get Weakness and Slowness 1",
	"slowness": {
		"type": "origins:conditioned_attribute",
		"modifier": {
			"attribute": "minecraft:generic.movement_speed",
			"value": -0.15,
			"operation": "multiply_total"
		},
		"tick_rate": 1,
		"condition": {
			"type": "origins:brightness",
			"comparison": "<=",
			"compare_to": 0.03703704
		}
	},
	"weakness": {
		"type": "origins:conditioned_attribute",
		"modifier": {
			"attribute": "minecraft:generic.attack_damage",
			"value": -4,
			"operation": "addition"
		},
		"tick_rate": 1,
		"condition": {
			"type": "origins:brightness",
			"comparison": "<=",
			"compare_to": 0.03703704
		}
	}
}