{
  "type": "origins:action_over_time",
  "interval": 20,
  "entity_action": {
    "type": "origins:if_else_list",
    "actions": [
      {
        "condition": {
          "type": "apugli:entity_in_radius",
          "condition": {
            "type": "origins:origin",
            "origin": "afterlife:guinea_pig"
          },
          "radius": 15.0,
          "comparison": "==",
          "compare_to": 1
        },
        "action": {
          "type": "origins:apply_effect",
          "effects": [
            {
              "effect": "minecraft:regeneration",
              "amplifier": 0,
              "duration": 25,
              "is_ambient": true
            },
            {
              "effect": "minecraft:resistance",
              "amplifier": 0,
              "duration": 25,
              "is_ambient": true
            },
            {
              "effect": "minecraft:haste",
              "amplifier": 0,
              "duration": 25,
              "is_ambient": true
            }
          ]
        }
      },
      {
        "condition": {
          "type": "apugli:entity_in_radius",
          "condition": {
            "type": "origins:origin",
            "origin": "afterlife:guinea_pig"
          },
          "radius": 15.0,
          "comparison": "==",
          "compare_to": 2
        },
        "action": {
          "type": "origins:apply_effect",
          "effects": [
            {
              "effect": "minecraft:regeneration",
              "amplifier": 1,
              "duration": 25,
              "is_ambient": true
            },
            {
              "effect": "minecraft:resistance",
              "amplifier": 1,
              "duration": 25,
              "is_ambient": true
            },
            {
              "effect": "minecraft:haste",
              "amplifier": 1,
              "duration": 25,
              "is_ambient": true
            }
          ]
        }
      },
      {
        "condition": {
          "type": "apugli:entity_in_radius",
          "condition": {
            "type": "origins:origin",
            "origin": "afterlife:guinea_pig"
          },
          "radius": 15.0,
          "comparison": "==",
          "compare_to": 3
        },
        "action": {
          "type": "origins:apply_effect",
          "effects": [
            {
              "effect": "minecraft:regeneration",
              "amplifier": 2,
              "duration": 25,
              "is_ambient": true
            },
            {
              "effect": "minecraft:resistance",
              "amplifier": 2,
              "duration": 25,
              "is_ambient": true
            },
            {
              "effect": "minecraft:haste",
              "amplifier": 2,
              "duration": 25,
              "is_ambient": true
            }
          ]
        }
      }
    ]
  },
  "name": "Social",
  "description": "Without any of your own kind nearby, you become lonely and therefore incapable of natural regeneration."
}